model,dataset,id,audit,permutation,repeat,structure,tv,mean_absolute_error,maximum_error,prediction_flip,exact_match
jev,massive,massive:test:484,repeat,0,2,coarse,0.010000000000000005,0.0011111111111111118,0.010000000000000009,0,False
jev,massive,massive:test:484,repeat,0,2,flat,0.030000000000000013,0.0010000000000000005,0.030000000000000027,0,False
jev,massive,massive:test:484,repeat,0,2,marginal,0.015299999999999998,0.0005099999999999999,0.010000000000000009,0,False
jev,clinc,clinc:test:522,repeat,0,2,coarse,0.05,0.01,0.050000000000000044,0,False
jev,clinc,clinc:test:522,repeat,0,2,flat,0.0,0.0,0.0,0,True
jev,clinc,clinc:test:522,repeat,0,2,marginal,0.051,0.0006799999999999999,0.050000000000000044,0,False
jev,trec,trec:test:141,repeat,0,2,coarse,0.020000000000000004,0.006666666666666668,0.020000000000000018,0,False
jev,trec,trec:test:141,repeat,0,2,flat,0.03030303030303031,0.0012121212121212123,0.020202020202020193,0,False
jev,trec,trec:test:141,repeat,0,2,marginal,0.048000000000000036,0.0019200000000000013,0.047800000000000065,0,False
jev,trec,trec:test:138,repeat,0,2,coarse,0.05999999999999996,0.019999999999999987,0.05999999999999994,0,False
jev,trec,trec:test:138,repeat,0,2,flat,0.06000000000000001,0.0024000000000000007,0.03,0,False
jev,trec,trec:test:138,repeat,0,2,marginal,0.06252525252525248,0.0025010101010100993,0.031900000000000005,0,False
jev,trec,trec:test:234,repeat,0,2,coarse,0.030000000000000023,0.010000000000000007,0.030000000000000027,0,False
jev,trec,trec:test:234,repeat,0,2,flat,0.06999999999999998,0.002799999999999999,0.04999999999999999,0,False
jev,trec,trec:test:234,repeat,0,2,marginal,0.05700000000000002,0.0022800000000000008,0.046133333333333304,0,False
jev,massive,massive:test:4671,repeat,0,2,coarse,0.010000000000000002,0.0011111111111111113,0.010000000000000009,0,False
jev,massive,massive:test:4671,repeat,0,2,flat,0.0,0.0,0.0,0,True
jev,massive,massive:test:4671,repeat,0,2,marginal,0.010499999999999995,0.00034999999999999983,0.010000000000000009,0,False
jev,massive,massive:test:11903,repeat,0,2,coarse,0.04000000000000003,0.004444444444444448,0.040000000000000036,0,False
jev,massive,massive:test:11903,repeat,0,2,flat,0.0,0.0,0.0,0,True
jev,massive,massive:test:11903,repeat,0,2,marginal,0.07879999999999998,0.002626666666666666,0.07769999999999999,1,False
jev,trec,trec:test:393,repeat,0,2,coarse,0.07,0.023333333333333334,0.05000000000000002,0,False
jev,trec,trec:test:393,repeat,0,2,flat,0.010000000000000002,0.0004000000000000001,0.010000000000000002,0,False
jev,trec,trec:test:393,repeat,0,2,marginal,0.07,0.0028000000000000004,0.048500000000000015,0,False
jev,massive,massive:test:10226,repeat,0,2,coarse,0.010000000000000005,0.0011111111111111118,0.010000000000000009,0,False
jev,massive,massive:test:10226,repeat,0,2,flat,0.0,0.0,0.0,0,True
jev,massive,massive:test:10226,repeat,0,2,marginal,0.02349999999999999,0.000783333333333333,0.02350000000000002,0,False
jev,trec,trec:test:39,repeat,0,2,coarse,0.030000000000000002,0.01,0.020000000000000018,0,False
jev,trec,trec:test:39,repeat,0,2,flat,0.019999999999999976,0.0007999999999999991,0.019494949494949454,0,False
jev,trec,trec:test:39,repeat,0,2,marginal,0.03068282828282825,0.00122731313131313,0.014599999999999995,0,False
jev,massive,massive:test:15970,repeat,0,2,coarse,0.0,0.0,0.0,0,True
jev,massive,massive:test:15970,repeat,0,2,flat,0.010000000000000002,0.0003333333333333334,0.010000000000000009,0,False
jev,massive,massive:test:15970,repeat,0,2,marginal,0.01889999999999997,0.0006299999999999989,0.01880000000000001,0,False
jev,clinc,clinc:test:246,repeat,0,2,coarse,0.0,0.0,0.0,0,True
jev,clinc,clinc:test:246,repeat,0,2,flat,0.0,0.0,0.0,0,True
jev,clinc,clinc:test:246,repeat,0,2,marginal,0.0006000000000000008,8.000000000000011e-06,0.0006000000000000001,0,False
jev,massive,massive:test:3852,repeat,0,2,coarse,0.0,0.0,0.0,0,True
jev,massive,massive:test:3852,repeat,0,2,flat,0.0,0.0,0.0,0,True
jev,massive,massive:test:3852,repeat,0,2,marginal,0.0,0.0,0.0,0,True
jev,massive,massive:test:13181,repeat,0,2,coarse,0.05666666666666667,0.006296296296296296,0.028585858585858603,0,False
jev,massive,massive:test:13181,repeat,0,2,flat,0.12,0.004,0.10999999999999999,0,False
jev,massive,massive:test:13181,repeat,0,2,marginal,0.06186565656565654,0.0020621885521885513,0.027519191919191915,0,False
jev,clinc,clinc:test:8,repeat,0,2,coarse,0.08999999999999997,0.017999999999999995,0.08999999999999997,0,False
jev,clinc,clinc:test:8,repeat,0,2,flat,0.010000000000000004,0.0001333333333333334,0.010000000000000009,0,False
jev,clinc,clinc:test:8,repeat,0,2,marginal,0.0912,0.001216,0.06940000000000002,0,False
jev,massive,massive:test:3694,repeat,0,2,coarse,0.0,0.0,0.0,0,True
jev,massive,massive:test:3694,repeat,0,2,flat,0.0,0.0,0.0,0,True
jev,massive,massive:test:3694,repeat,0,2,marginal,0.0005999999999999998,1.9999999999999995e-05,0.0005999999999999998,0,False
jev,massive,massive:test:10731,repeat,0,2,coarse,0.0,0.0,0.0,0,True
jev,massive,massive:test:10731,repeat,0,2,flat,0.0,0.0,0.0,0,True
jev,massive,massive:test:10731,repeat,0,2,marginal,0.00019999999999999947,6.666666666666649e-06,0.0001999999999999988,0,False
jev,trec,trec:test:337,repeat,0,2,coarse,0.02000000000000001,0.0066666666666666706,0.020000000000000018,0,False
jev,trec,trec:test:337,repeat,0,2,flat,0.059999999999999984,0.0023999999999999994,0.04999999999999999,0,False
jev,trec,trec:test:337,repeat,0,2,marginal,0.05030000000000003,0.002012000000000001,0.049699999999999966,0,False
jev,massive,massive:test:1516,repeat,0,2,coarse,0.010000000000000005,0.0011111111111111118,0.010000000000000009,0,False
jev,massive,massive:test:1516,repeat,0,2,flat,0.02000000000000001,0.0006666666666666671,0.020000000000000018,0,False
jev,massive,massive:test:1516,repeat,0,2,marginal,0.037200000000000004,0.0012400000000000002,0.03720000000000001,0,False
jev,trec,trec:test:477,repeat,0,2,coarse,0.02050505050505049,0.00683501683501683,0.020505050505050512,0,False
jev,trec,trec:test:477,repeat,0,2,flat,0.010000000000000002,0.0004000000000000001,0.010000000000000002,0,False
jev,trec,trec:test:477,repeat,0,2,marginal,0.023232323232323195,0.0009292929292929277,0.019481818181818156,0,False
jev,massive,massive:test:17015,repeat,0,2,coarse,0.07,0.007777777777777778,0.06,1,False
jev,massive,massive:test:17015,repeat,0,2,flat,0.050505050505050504,0.0016835016835016834,0.030303030303030297,0,False
jev,massive,massive:test:17015,repeat,0,2,marginal,0.07050000000000003,0.002350000000000001,0.05460000000000004,1,False
jev,clinc,clinc:test:4229,repeat,0,2,coarse,0.0,0.0,0.0,0,True
jev,clinc,clinc:test:4229,repeat,0,2,flat,0.0,0.0,0.0,0,True
jev,clinc,clinc:test:4229,repeat,0,2,marginal,0.00010000000000000053,1.3333333333333404e-06,0.00010000000000000113,0,False
jev,massive,massive:test:15402,repeat,0,2,coarse,0.06000000000000004,0.006666666666666671,0.06000000000000005,0,False
jev,massive,massive:test:15402,repeat,0,2,flat,0.0,0.0,0.0,0,True
jev,massive,massive:test:15402,repeat,0,2,marginal,0.06050000000000005,0.0020166666666666683,0.06000000000000005,0,False
jev,trec,trec:test:479,repeat,0,2,coarse,0.020000000000000014,0.006666666666666671,0.020000000000000018,0,False
jev,trec,trec:test:479,repeat,0,2,flat,0.010000000000000005,0.00040000000000000024,0.010000000000000009,0,False
jev,trec,trec:test:479,repeat,0,2,marginal,0.06610000000000006,0.0026440000000000023,0.061400000000000066,0,False
jev,trec,trec:test:339,repeat,0,2,coarse,0.02000000000000001,0.0066666666666666706,0.020000000000000018,0,False
jev,trec,trec:test:339,repeat,0,2,flat,0.04878787878787882,0.0019515151515151527,0.03808080808080816,0,False
jev,trec,trec:test:339,repeat,0,2,marginal,0.027381818181818188,0.0010952727272727275,0.026400000000000007,0,False
jev,massive,massive:test:10636,repeat,0,2,coarse,0.0,0.0,0.0,0,True
jev,massive,massive:test:10636,repeat,0,2,flat,0.010000000000000005,0.00033333333333333354,0.010000000000000009,0,False
jev,massive,massive:test:10636,repeat,0,2,marginal,0.027999999999999983,0.0009333333333333328,0.027600000000000013,0,False
jev,clinc,clinc:test:1253,repeat,0,2,coarse,0.010000000000000005,0.002000000000000001,0.010000000000000009,0,False
jev,clinc,clinc:test:1253,repeat,0,2,flat,0.020000000000000004,0.00026666666666666673,0.010000000000000009,0,False
jev,clinc,clinc:test:1253,repeat,0,2,marginal,0.010000000000000009,0.00013333333333333345,0.010000000000000009,0,False
jev,clinc,clinc:test:2397,repeat,0,2,coarse,0.0,0.0,0.0,0,True
jev,clinc,clinc:test:2397,repeat,0,2,flat,0.0,0.0,0.0,0,True
jev,clinc,clinc:test:2397,repeat,0,2,marginal,0.001838383838383839,2.451178451178452e-05,0.0018303030303030328,0,False
jev,trec,trec:test:69,repeat,0,2,coarse,0.038383838383838395,0.012794612794612798,0.03838383838383838,0,False
jev,trec,trec:test:69,repeat,0,2,flat,0.14,0.005600000000000001,0.12999999999999995,0,False
jev,trec,trec:test:69,repeat,0,2,marginal,0.03890505050505052,0.0015562020202020208,0.038181818181818206,0,False
jev,clinc,clinc:test:1469,repeat,0,2,coarse,0.06202020202020196,0.012404040404040393,0.06181818181818183,0,False
jev,clinc,clinc:test:1469,repeat,0,2,flat,0.0,0.0,0.0,0,True
jev,clinc,clinc:test:1469,repeat,0,2,marginal,0.0722767676767676,0.0009636902356902347,0.04123636363636364,0,False
jev,trec,trec:test:403,repeat,0,2,coarse,0.02000000000000001,0.0066666666666666706,0.020000000000000018,0,False
jev,trec,trec:test:403,repeat,0,2,flat,0.030000000000000027,0.001200000000000001,0.030000000000000027,0,False
jev,trec,trec:test:403,repeat,0,2,marginal,0.03620000000000001,0.0014480000000000005,0.03620000000000001,0,False
jev,clinc,clinc:test:4265,repeat,0,2,coarse,0.0,0.0,0.0,0,True
jev,clinc,clinc:test:4265,repeat,0,2,flat,0.0,0.0,0.0,0,True
jev,clinc,clinc:test:4265,repeat,0,2,marginal,0.0,0.0,0.0,0,True
jev,clinc,clinc:test:4430,repeat,0,2,coarse,0.010000000000000002,0.0020000000000000005,0.010000000000000009,0,False
jev,clinc,clinc:test:4430,repeat,0,2,flat,0.0,0.0,0.0,0,True
jev,clinc,clinc:test:4430,repeat,0,2,marginal,0.012099999999999998,0.00016133333333333332,0.010000000000000009,0,False
jev,trec,trec:test:383,repeat,0,2,coarse,0.04686868686868689,0.01562289562289563,0.04686868686868695,0,False
jev,trec,trec:test:383,repeat,0,2,flat,0.050000000000000024,0.002000000000000001,0.030000000000000027,0,False
jev,trec,trec:test:383,repeat,0,2,marginal,0.04905050505050505,0.0019620202020202023,0.02202828282828284,0,False
jev,massive,massive:test:6860,repeat,0,2,coarse,0.030000000000000013,0.003333333333333335,0.030000000000000027,0,False
jev,massive,massive:test:6860,repeat,0,2,flat,0.0,0.0,0.0,0,True
jev,massive,massive:test:6860,repeat,0,2,marginal,0.03300000000000001,0.0011000000000000003,0.030000000000000027,0,False
jev,clinc,clinc:test:3349,repeat,0,2,coarse,0.06,0.012,0.05999999999999994,0,False
jev,clinc,clinc:test:3349,repeat,0,2,flat,0.0005050505050504771,6.734006734006361e-06,0.0005050505050504528,0,False
jev,clinc,clinc:test:3349,repeat,0,2,marginal,0.0844828282828283,0.0011264377104377107,0.05939999999999995,0,False
jev,clinc,clinc:test:1465,repeat,0,2,coarse,0.039090909090909114,0.007818181818181823,0.02181818181818182,0,False
jev,clinc,clinc:test:1465,repeat,0,2,flat,0.0,0.0,0.0,0,True
jev,clinc,clinc:test:1465,repeat,0,2,marginal,0.07211484542393634,0.0009615312723191512,0.03501515151515153,0,False
jev,massive,massive:test:2957,repeat,0,2,coarse,0.0,0.0,0.0,0,True
jev,massive,massive:test:2957,repeat,0,2,flat,0.010000000000000009,0.00033333333333333365,0.010000000000000009,0,False
jev,massive,massive:test:2957,repeat,0,2,marginal,0.03010000000000001,0.0010033333333333337,0.029100000000000015,0,False
jev,trec,trec:test:282,repeat,0,2,coarse,0.0,0.0,0.0,0,True
jev,trec,trec:test:282,repeat,0,2,flat,0.05727272727272728,0.0022909090909090913,0.05727272727272725,0,False
jev,trec,trec:test:282,repeat,0,2,marginal,0.010000000000000002,0.0004000000000000001,0.010000000000000009,0,False
jev,massive,massive:test:3222,repeat,0,2,coarse,0.010000000000000005,0.0011111111111111118,0.010000000000000009,0,False
jev,massive,massive:test:3222,repeat,0,2,flat,0.0,0.0,0.0,0,True
jev,massive,massive:test:3222,repeat,0,2,marginal,0.012934343434343442,0.0004311447811447814,0.009979797979797991,0,False
jev,clinc,clinc:test:876,repeat,0,2,coarse,0.0,0.0,0.0,0,True
jev,clinc,clinc:test:876,repeat,0,2,flat,0.0,0.0,0.0,0,True
jev,clinc,clinc:test:876,repeat,0,2,marginal,0.03970000000000002,0.0005293333333333336,0.019600000000000006,0,False
jev,clinc,clinc:test:2540,repeat,0,2,coarse,0.0,0.0,0.0,0,True
jev,clinc,clinc:test:2540,repeat,0,2,flat,0.019999999999999952,0.00026666666666666603,0.019999999999999997,0,False
jev,clinc,clinc:test:2540,repeat,0,2,marginal,0.0,0.0,0.0,0,True
jev,massive,massive:test:4166,repeat,0,2,coarse,0.0,0.0,0.0,0,True
jev,massive,massive:test:4166,repeat,0,2,flat,0.12,0.004,0.12,0,False
jev,massive,massive:test:4166,repeat,0,2,marginal,0.030399999999999934,0.0010133333333333311,0.029400000000000003,0,False
jev,clinc,clinc:test:2933,repeat,0,2,coarse,0.07000000000000003,0.014000000000000007,0.06000000000000005,0,False
jev,clinc,clinc:test:2933,repeat,0,2,flat,0.0,0.0,0.0,0,True
jev,clinc,clinc:test:2933,repeat,0,2,marginal,0.08499494949494954,0.0011332659932659938,0.059400000000000064,0,False
jev,trec,trec:test:390,repeat,0,2,coarse,0.05000000000000003,0.016666666666666677,0.050000000000000044,0,False
jev,trec,trec:test:390,repeat,0,2,flat,0.06000000000000001,0.0024000000000000007,0.06000000000000005,0,False
jev,trec,trec:test:390,repeat,0,2,marginal,0.0801909090909091,0.0032076363636363643,0.07869999999999999,0,False
jev,trec,trec:test:334,repeat,0,2,coarse,0.06,0.02,0.06,0,False
jev,trec,trec:test:334,repeat,0,2,flat,0.033535353535353474,0.001341414141414139,0.032525252525252485,0,False
jev,trec,trec:test:334,repeat,0,2,marginal,0.060899999999999996,0.002436,0.06029999999999999,0,False
jev,massive,massive:test:4567,repeat,0,2,coarse,0.0,0.0,0.0,0,True
jev,massive,massive:test:4567,repeat,0,2,flat,0.0,0.0,0.0,0,True
jev,massive,massive:test:4567,repeat,0,2,marginal,0.0,0.0,0.0,0,True
jev,trec,trec:test:300,repeat,0,2,coarse,0.0,0.0,0.0,0,True
jev,trec,trec:test:300,repeat,0,2,flat,0.07424242424242422,0.002969696969696969,0.07424242424242422,0,False
jev,trec,trec:test:300,repeat,0,2,marginal,0.010000000000000023,0.0004000000000000009,0.009600000000000053,0,False
jev,massive,massive:test:1180,repeat,0,2,coarse,0.010000000000000005,0.0011111111111111118,0.010000000000000009,0,False
jev,massive,massive:test:1180,repeat,0,2,flat,0.0,0.0,0.0,0,True
jev,massive,massive:test:1180,repeat,0,2,marginal,0.010500000000000006,0.0003500000000000002,0.010000000000000009,0,False
jev,massive,massive:test:14648,repeat,0,2,coarse,0.0,0.0,0.0,0,True
jev,massive,massive:test:14648,repeat,0,2,flat,0.010000000000000002,0.0003333333333333334,0.010000000000000009,0,False
jev,massive,massive:test:14648,repeat,0,2,marginal,0.030100000000000002,0.0010033333333333333,0.02970000000000006,0,False
jev,clinc,clinc:test:2794,repeat,0,2,coarse,0.010000000000000005,0.002000000000000001,0.010000000000000009,0,False
jev,clinc,clinc:test:2794,repeat,0,2,flat,0.010000000000000005,0.0001333333333333334,0.010000000000000009,0,False
jev,clinc,clinc:test:2794,repeat,0,2,marginal,0.032899999999999985,0.00043866666666666647,0.03209999999999996,0,False
jev,trec,trec:test:250,repeat,0,2,coarse,0.04000000000000001,0.013333333333333336,0.040000000000000036,0,False
jev,trec,trec:test:250,repeat,0,2,flat,0.010000000000000009,0.00040000000000000034,0.010000000000000009,0,False
jev,trec,trec:test:250,repeat,0,2,marginal,0.0731,0.002924,0.04029999999999999,0,False
jev,trec,trec:test:459,repeat,0,2,coarse,0.09,0.03,0.08000000000000002,0,False
jev,trec,trec:test:459,repeat,0,2,flat,0.030000000000000013,0.0012000000000000005,0.020000000000000018,0,False
jev,trec,trec:test:459,repeat,0,2,marginal,0.09000000000000001,0.0036000000000000003,0.07090000000000007,0,False
jev,clinc,clinc:test:895,repeat,0,2,coarse,0.09,0.018,0.04999999999999996,0,False
jev,clinc,clinc:test:895,repeat,0,2,flat,0.05000000000000002,0.0006666666666666669,0.030000000000000027,0,False
jev,clinc,clinc:test:895,repeat,0,2,marginal,0.1045,0.0013933333333333332,0.05099999999999996,0,False
jev,trec,trec:test:182,repeat,0,2,coarse,0.009999999999999946,0.0033333333333333153,0.009999999999999995,0,False
jev,trec,trec:test:182,repeat,0,2,flat,0.028080808080808078,0.0011232323232323231,0.019898989898989895,0,False
jev,trec,trec:test:182,repeat,0,2,marginal,0.010499999999999923,0.00041999999999999693,0.009399999999999853,0,False
jev,massive,massive:test:14461,repeat,0,2,coarse,0.07,0.007777777777777778,0.06999999999999995,0,False
jev,massive,massive:test:14461,repeat,0,2,flat,0.010000000000000005,0.00033333333333333354,0.010000000000000009,0,False
jev,massive,massive:test:14461,repeat,0,2,marginal,0.07300000000000004,0.0024333333333333347,0.06439999999999996,0,False
jev,trec,trec:test:396,repeat,0,2,coarse,0.019999999999999997,0.006666666666666665,0.01999999999999999,0,False
jev,trec,trec:test:396,repeat,0,2,flat,0.02999999999999994,0.0011999999999999975,0.02999999999999997,0,False
jev,trec,trec:test:396,repeat,0,2,marginal,0.0296,0.0011840000000000002,0.018799999999999983,0,False
jev,trec,trec:test:25,repeat,0,2,coarse,0.010000000000000009,0.003333333333333336,0.010000000000000009,0,False
jev,trec,trec:test:25,repeat,0,2,flat,0.039999999999999994,0.0015999999999999999,0.03999999999999998,0,False
jev,trec,trec:test:25,repeat,0,2,marginal,0.055400000000000005,0.002216,0.031899999999999984,0,False
jev,clinc,clinc:test:2077,repeat,0,2,coarse,0.0,0.0,0.0,0,True
jev,clinc,clinc:test:2077,repeat,0,2,flat,0.01999999999999997,0.00026666666666666625,0.019999999999999907,0,False
jev,clinc,clinc:test:2077,repeat,0,2,marginal,0.0008999999999999989,1.1999999999999985e-05,0.00040000000000000105,0,False
jev,clinc,clinc:test:552,repeat,0,2,coarse,0.040000000000000015,0.008000000000000004,0.04000000000000001,0,False
jev,clinc,clinc:test:552,repeat,0,2,flat,0.11111111111111106,0.0014814814814814808,0.11111111111111094,0,False
jev,clinc,clinc:test:552,repeat,0,2,marginal,0.10375151515151518,0.0013833535353535357,0.05760000000000004,1,False
jev,clinc,clinc:test:4394,repeat,0,2,coarse,0.04,0.008,0.030000000000000027,0,False
jev,clinc,clinc:test:4394,repeat,0,2,flat,0.010000000000000002,0.00013333333333333337,0.010000000000000009,0,False
jev,clinc,clinc:test:4394,repeat,0,2,marginal,0.05531515151515152,0.0007375353535353535,0.02999999999999997,0,False
jev,massive,massive:test:4831,repeat,0,2,coarse,0.0,0.0,0.0,0,True
jev,massive,massive:test:4831,repeat,0,2,flat,0.0,0.0,0.0,0,True
jev,massive,massive:test:4831,repeat,0,2,marginal,0.0,0.0,0.0,0,True
jev,trec,trec:test:315,repeat,0,2,coarse,0.030000000000000013,0.010000000000000004,0.030000000000000027,0,False
jev,trec,trec:test:315,repeat,0,2,flat,0.02,0.0008,0.019999999999999997,0,False
jev,trec,trec:test:315,repeat,0,2,marginal,0.03000000000000001,0.0012000000000000003,0.0172,0,False
jev,clinc,clinc:test:2840,repeat,0,2,coarse,0.06,0.012,0.04999999999999999,1,False
jev,clinc,clinc:test:2840,repeat,0,2,flat,0.0,0.0,0.0,0,True
jev,clinc,clinc:test:2840,repeat,0,2,marginal,0.06319999999999998,0.0008426666666666664,0.030399999999999983,0,False
jev,clinc,clinc:test:3267,repeat,0,2,coarse,0.04181818181818179,0.008363636363636358,0.041818181818181754,0,False
jev,clinc,clinc:test:3267,repeat,0,2,flat,0.0,0.0,0.0,0,True
jev,clinc,clinc:test:3267,repeat,0,2,marginal,0.04444591368227728,0.0005926121824303637,0.041818181818181754,0,False
jev,massive,massive:test:13819,repeat,0,2,coarse,0.019999999999999962,0.002222222222222218,0.020000000000000018,0,False
jev,massive,massive:test:13819,repeat,0,2,flat,0.02000000000000001,0.0006666666666666671,0.020000000000000018,0,False
jev,massive,massive:test:13819,repeat,0,2,marginal,0.02089999999999996,0.0006966666666666653,0.020000000000000018,0,False
jev,clinc,clinc:test:2150,repeat,0,2,coarse,0.0,0.0,0.0,0,True
jev,clinc,clinc:test:2150,repeat,0,2,flat,0.0,0.0,0.0,0,True
jev,clinc,clinc:test:2150,repeat,0,2,marginal,0.0,0.0,0.0,0,True
jev,trec,trec:test:480,repeat,0,2,coarse,0.0,0.0,0.0,0,True
jev,trec,trec:test:480,repeat,0,2,flat,0.030303030303030318,0.0012121212121212128,0.020202020202020207,0,False
jev,trec,trec:test:480,repeat,0,2,marginal,0.048199999999999965,0.0019279999999999985,0.046999999999999986,0,False
jev,massive,massive:test:12839,repeat,0,2,coarse,0.010000000000000005,0.0011111111111111118,0.010000000000000009,0,False
jev,massive,massive:test:12839,repeat,0,2,flat,0.09999999999999998,0.0033333333333333327,0.09999999999999998,0,False
jev,massive,massive:test:12839,repeat,0,2,marginal,0.05909999999999999,0.00197,0.058700000000000016,0,False
jev,trec,trec:test:36,repeat,0,2,coarse,0.01,0.0033333333333333335,0.01,0,False
jev,trec,trec:test:36,repeat,0,2,flat,0.06999999999999997,0.0027999999999999987,0.05999999999999994,0,False
jev,trec,trec:test:36,repeat,0,2,marginal,0.009999999999999998,0.00039999999999999996,0.006999999999999999,0,False
jev,clinc,clinc:test:989,repeat,0,2,coarse,0.03999999999999995,0.00799999999999999,0.03999999999999998,0,False
jev,clinc,clinc:test:989,repeat,0,2,flat,0.0,0.0,0.0,0,True
jev,clinc,clinc:test:989,repeat,0,2,marginal,0.045999999999999985,0.0006133333333333331,0.04359999999999997,0,False
jev,massive,massive:test:3441,repeat,0,2,coarse,0.04,0.0044444444444444444,0.03999999999999998,0,False
jev,massive,massive:test:3441,repeat,0,2,flat,0.009999999999999998,0.00033333333333333327,0.010000000000000002,0,False
jev,massive,massive:test:3441,repeat,0,2,marginal,0.04179999999999999,0.001393333333333333,0.03999999999999998,0,False
jev,trec,trec:test:431,repeat,0,2,coarse,0.020000000000000004,0.006666666666666668,0.010000000000000009,0,False
jev,trec,trec:test:431,repeat,0,2,flat,0.05050505050505049,0.0020202020202020198,0.03030303030303033,0,False
jev,trec,trec:test:431,repeat,0,2,marginal,0.04159999999999997,0.0016639999999999988,0.017800000000000003,0,False
jev,massive,massive:test:10263,repeat,0,2,coarse,0.010000000000000004,0.0011111111111111115,0.010000000000000009,0,False
jev,massive,massive:test:10263,repeat,0,2,flat,0.0,0.0,0.0,0,True
jev,massive,massive:test:10263,repeat,0,2,marginal,0.010000000000000004,0.00033333333333333343,0.010000000000000009,0,False
jev,clinc,clinc:test:4478,repeat,0,2,coarse,0.039999999999999966,0.007999999999999993,0.04000000000000001,0,False
jev,clinc,clinc:test:4478,repeat,0,2,flat,0.0,0.0,0.0,0,True
jev,clinc,clinc:test:4478,repeat,0,2,marginal,0.04179999999999996,0.0005573333333333329,0.039999999999999925,0,False
jev,clinc,clinc:test:3676,repeat,0,2,coarse,0.0,0.0,0.0,0,True
jev,clinc,clinc:test:3676,repeat,0,2,flat,0.0,0.0,0.0,0,True
jev,clinc,clinc:test:3676,repeat,0,2,marginal,0.0,0.0,0.0,0,True
jev,clinc,clinc:test:1772,repeat,0,2,coarse,0.06000000000000005,0.01200000000000001,0.06000000000000005,0,False
jev,clinc,clinc:test:1772,repeat,0,2,flat,0.019999999999999997,0.0002666666666666666,0.01999999999999999,0,False
jev,clinc,clinc:test:1772,repeat,0,2,marginal,0.07090000000000002,0.0009453333333333336,0.06930000000000003,1,False
jev,massive,massive:test:1252,repeat,0,2,coarse,0.0,0.0,0.0,0,True
jev,massive,massive:test:1252,repeat,0,2,flat,0.0,0.0,0.0,0,True
jev,massive,massive:test:1252,repeat,0,2,marginal,0.0,0.0,0.0,0,True
jev,trec,trec:test:92,repeat,0,2,coarse,0.05,0.016666666666666666,0.04999999999999999,0,False
jev,trec,trec:test:92,repeat,0,2,flat,0.039797979797979784,0.0015919191919191913,0.029494949494949463,0,False
jev,trec,trec:test:92,repeat,0,2,marginal,0.0513,0.002052,0.02599999999999998,0,False
jev,trec,trec:test:161,repeat,0,2,coarse,0.030000000000000013,0.010000000000000004,0.030000000000000027,0,False
jev,trec,trec:test:161,repeat,0,2,flat,0.02000000000000001,0.0008000000000000005,0.02,0,False
jev,trec,trec:test:161,repeat,0,2,marginal,0.02999999999999999,0.0011999999999999995,0.02939999999999998,0,False
jev,massive,massive:test:1413,repeat,0,2,coarse,0.028383838383838386,0.0031537598204264875,0.021212121212121182,0,False
jev,massive,massive:test:1413,repeat,0,2,flat,0.020000000000000004,0.0006666666666666668,0.020000000000000004,0,False
jev,massive,massive:test:1413,repeat,0,2,marginal,0.03552525252525254,0.0011841750841750849,0.013393939393939375,0,False
jev,clinc,clinc:test:2406,repeat,0,2,coarse,0.0,0.0,0.0,0,True
jev,clinc,clinc:test:2406,repeat,0,2,flat,0.03939393939393941,0.0005252525252525255,0.039393939393939426,0,False
jev,clinc,clinc:test:2406,repeat,0,2,marginal,0.0,0.0,0.0,0,True
jev,massive,massive:test:15513,repeat,0,2,coarse,0.04999999999999999,0.005555555555555554,0.04999999999999999,1,False
jev,massive,massive:test:15513,repeat,0,2,flat,0.029999999999999957,0.0009999999999999985,0.03,0,False
jev,massive,massive:test:15513,repeat,0,2,marginal,0.0521,0.0017366666666666667,0.04999999999999999,1,False
jev,trec,trec:test:438,repeat,0,2,coarse,0.010000000000000005,0.0033333333333333353,0.010000000000000009,0,False
jev,trec,trec:test:438,repeat,0,2,flat,0.08000000000000003,0.003200000000000001,0.08000000000000002,0,False
jev,trec,trec:test:438,repeat,0,2,marginal,0.06190000000000003,0.002476000000000001,0.06190000000000001,0,False
jev,trec,trec:test:194,repeat,0,2,coarse,0.0,0.0,0.0,0,True
jev,trec,trec:test:194,repeat,0,2,flat,0.010000000000000005,0.00040000000000000024,0.010000000000000009,0,False
jev,trec,trec:test:194,repeat,0,2,marginal,0.001957575757575756,7.830303030303024e-05,0.0019575757575757535,0,False
jev,trec,trec:test:325,repeat,0,2,coarse,0.0,0.0,0.0,0,True
jev,trec,trec:test:325,repeat,0,2,flat,0.029595959595959617,0.0011838383838383847,0.021313131313131298,0,False
jev,trec,trec:test:325,repeat,0,2,marginal,0.01960000000000002,0.0007840000000000008,0.019200000000000106,0,False
jev,clinc,clinc:test:2267,repeat,0,2,coarse,0.05000000000000004,0.010000000000000007,0.050000000000000044,0,False
jev,clinc,clinc:test:2267,repeat,0,2,flat,0.02949494949494947,0.00039326599326599296,0.027878787878787836,0,False
jev,clinc,clinc:test:2267,repeat,0,2,marginal,0.06530000000000002,0.000870666666666667,0.029000000000000026,0,False
jev,clinc,clinc:test:2915,repeat,0,2,coarse,0.0,0.0,0.0,0,True
jev,clinc,clinc:test:2915,repeat,0,2,flat,0.05999999999999997,0.0007999999999999996,0.06,0,False
jev,clinc,clinc:test:2915,repeat,0,2,marginal,0.009999999999999953,0.00013333333333333272,0.010000000000000009,0,False
jev,massive,massive:test:14859,repeat,0,2,coarse,0.010000000000000009,0.0011111111111111122,0.010000000000000009,0,False
jev,massive,massive:test:14859,repeat,0,2,flat,0.0,0.0,0.0,0,True
jev,massive,massive:test:14859,repeat,0,2,marginal,0.010000000000000012,0.00033333333333333376,0.00990000000000002,0,False
jev,clinc,clinc:test:987,repeat,0,2,coarse,0.04000000000000002,0.008000000000000004,0.020000000000000018,0,False
jev,clinc,clinc:test:987,repeat,0,2,flat,0.010000000000000005,0.0001333333333333334,0.010000000000000009,0,False
jev,clinc,clinc:test:987,repeat,0,2,marginal,0.05,0.0006666666666666668,0.017000000000000008,0,False
jev,massive,massive:test:484,order,1,0,coarse,0.13999999999999999,0.015555555555555553,0.14,1,False
jev,massive,massive:test:484,order,1,0,flat,0.29000000000000004,0.009666666666666667,0.29000000000000004,0,False
jev,massive,massive:test:484,order,1,0,marginal,0.1422,0.004739999999999999,0.13999999999999996,1,False
jev,clinc,clinc:test:522,order,1,0,coarse,0.04000000000000002,0.008000000000000004,0.04000000000000001,0,False
jev,clinc,clinc:test:522,order,1,0,flat,0.0,0.0,0.0,0,True
jev,clinc,clinc:test:522,order,1,0,marginal,0.05220000000000003,0.0006960000000000004,0.021400000000000006,0,False
jev,trec,trec:test:141,order,1,0,coarse,0.019999999999999997,0.006666666666666665,0.02,0,False
jev,trec,trec:test:141,order,1,0,flat,0.23545454545454547,0.009418181818181819,0.1623232323232323,0,False
jev,trec,trec:test:141,order,1,0,marginal,0.1842363636363637,0.007369454545454548,0.15314949494949504,0,False
jev,trec,trec:test:138,order,1,0,coarse,0.1581818181818182,0.052727272727272734,0.1581818181818182,0,False
jev,trec,trec:test:138,order,1,0,flat,0.18535353535353538,0.0074141414141414156,0.09181818181818185,1,False
jev,trec,trec:test:138,order,1,0,marginal,0.16040404040404044,0.0064161616161616175,0.11896363636363638,1,False
jev,trec,trec:test:234,order,1,0,coarse,0.010000000000000005,0.0033333333333333353,0.010000000000000009,0,False
jev,trec,trec:test:234,order,1,0,flat,0.14,0.005600000000000001,0.09,0,False
jev,trec,trec:test:234,order,1,0,marginal,0.17426666666666674,0.006970666666666669,0.12666666666666665,1,False
jev,massive,massive:test:4671,order,1,0,coarse,0.07000000000000003,0.007777777777777782,0.07000000000000006,0,False
jev,massive,massive:test:4671,order,1,0,flat,0.67,0.022333333333333334,0.6699999999999999,1,False
jev,massive,massive:test:4671,order,1,0,marginal,0.07200000000000002,0.0024000000000000007,0.07000000000000006,0,False
jev,massive,massive:test:11903,order,1,0,coarse,0.030000000000000037,0.0033333333333333375,0.030000000000000002,0,False
jev,massive,massive:test:11903,order,1,0,flat,0.020000000000000004,0.0006666666666666668,0.019999999999999997,0,False
jev,massive,massive:test:11903,order,1,0,marginal,0.1574,0.005246666666666667,0.12359999999999999,0,False
jev,trec,trec:test:393,order,1,0,coarse,0.11000000000000003,0.036666666666666674,0.11000000000000004,0,False
jev,trec,trec:test:393,order,1,0,flat,0.15303030303030302,0.006121212121212121,0.08333333333333326,0,False
jev,trec,trec:test:393,order,1,0,marginal,0.1775909090909091,0.007103636363636364,0.10660000000000004,0,False
jev,massive,massive:test:10226,order,1,0,coarse,0.0,0.0,0.0,0,True
jev,massive,massive:test:10226,order,1,0,flat,0.010000000000000004,0.00033333333333333343,0.010000000000000009,0,False
jev,massive,massive:test:10226,order,1,0,marginal,0.16000000000000003,0.005333333333333334,0.16000000000000003,0,False
jev,trec,trec:test:39,order,1,0,coarse,0.07,0.023333333333333334,0.06,0,False
jev,trec,trec:test:39,order,1,0,flat,0.11969696969696972,0.004787878787878789,0.09949494949494953,0,False
jev,trec,trec:test:39,order,1,0,marginal,0.08160000000000003,0.0032640000000000013,0.060899999999999996,0,False
jev,massive,massive:test:15970,order,1,0,coarse,0.010000000000000005,0.0011111111111111118,0.010000000000000009,0,False
jev,massive,massive:test:15970,order,1,0,flat,0.03999999999999996,0.001333333333333332,0.039999999999999994,0,False
jev,massive,massive:test:15970,order,1,0,marginal,0.02869999999999995,0.000956666666666665,0.028199999999999892,0,False
jev,clinc,clinc:test:246,order,1,0,coarse,0.010000000000000005,0.002000000000000001,0.010000000000000009,0,False
jev,clinc,clinc:test:246,order,1,0,flat,0.0,0.0,0.0,0,True
jev,clinc,clinc:test:246,order,1,0,marginal,0.010600000000000004,0.00014133333333333337,0.010000000000000009,0,False
jev,massive,massive:test:3852,order,1,0,coarse,0.020000000000000007,0.002222222222222223,0.020000000000000018,0,False
jev,massive,massive:test:3852,order,1,0,flat,0.0,0.0,0.0,0,True
jev,massive,massive:test:3852,order,1,0,marginal,0.020000000000000007,0.0006666666666666669,0.020000000000000018,0,False
jev,massive,massive:test:13181,order,1,0,coarse,0.09000000000000001,0.010000000000000002,0.06,0,False
jev,massive,massive:test:13181,order,1,0,flat,0.5471717171717172,0.01823905723905724,0.3697979797979798,1,False
jev,massive,massive:test:13181,order,1,0,marginal,0.2158,0.007193333333333333,0.10590000000000002,1,False
jev,clinc,clinc:test:8,order,1,0,coarse,0.05,0.01,0.04,0,False
jev,clinc,clinc:test:8,order,1,0,flat,0.030000000000000013,0.0004000000000000002,0.030000000000000027,0,False
jev,clinc,clinc:test:8,order,1,0,marginal,0.07899999999999999,0.0010533333333333332,0.04,0,False
jev,massive,massive:test:3694,order,1,0,coarse,0.010000000000000005,0.0011111111111111118,0.010000000000000009,0,False
jev,massive,massive:test:3694,order,1,0,flat,0.0,0.0,0.0,0,True
jev,massive,massive:test:3694,order,1,0,marginal,0.010000000000000005,0.00033333333333333354,0.010000000000000009,0,False
jev,massive,massive:test:10731,order,1,0,coarse,0.010000000000000005,0.0011111111111111118,0.010000000000000009,0,False
jev,massive,massive:test:10731,order,1,0,flat,0.0,0.0,0.0,0,True
jev,massive,massive:test:10731,order,1,0,marginal,0.02020000000000002,0.000673333333333334,0.01980000000000004,0,False
jev,trec,trec:test:337,order,1,0,coarse,0.0,0.0,0.0,0,True
jev,trec,trec:test:337,order,1,0,flat,0.15,0.006,0.15000000000000002,1,False
jev,trec,trec:test:337,order,1,0,marginal,0.09090000000000001,0.0036360000000000003,0.0534,0,False
jev,massive,massive:test:1516,order,1,0,coarse,0.010000000000000005,0.0011111111111111118,0.010000000000000009,0,False
jev,massive,massive:test:1516,order,1,0,flat,0.04000000000000002,0.0013333333333333342,0.040000000000000036,0,False
jev,massive,massive:test:1516,order,1,0,marginal,0.010099999999999977,0.0003366666666666659,0.0076,0,False
jev,trec,trec:test:477,order,1,0,coarse,0.14323232323232327,0.047744107744107755,0.13323232323232326,0,False
jev,trec,trec:test:477,order,1,0,flat,0.05000000000000002,0.0020000000000000005,0.04000000000000001,0,False
jev,trec,trec:test:477,order,1,0,marginal,0.14392727272727274,0.00575709090909091,0.12246767676767678,0,False
jev,massive,massive:test:17015,order,1,0,coarse,0.12000000000000001,0.013333333333333334,0.09999999999999998,1,False
jev,massive,massive:test:17015,order,1,0,flat,0.22222222222222224,0.007407407407407408,0.12121212121212126,1,False
jev,massive,massive:test:17015,order,1,0,marginal,0.12940000000000002,0.004313333333333334,0.07479999999999998,1,False
jev,clinc,clinc:test:4229,order,1,0,coarse,0.010000000000000005,0.002000000000000001,0.010000000000000009,0,False
jev,clinc,clinc:test:4229,order,1,0,flat,0.0,0.0,0.0,0,True
jev,clinc,clinc:test:4229,order,1,0,marginal,0.010000000000000005,0.0001333333333333334,0.010000000000000009,0,False
jev,massive,massive:test:15402,order,1,0,coarse,0.22999999999999998,0.025555555555555554,0.22999999999999998,0,False
jev,massive,massive:test:15402,order,1,0,flat,0.02000000000000001,0.0006666666666666671,0.020000000000000018,0,False
jev,massive,massive:test:15402,order,1,0,marginal,0.23829999999999996,0.007943333333333332,0.22999999999999998,0,False
jev,trec,trec:test:479,order,1,0,coarse,0.30000000000000004,0.10000000000000002,0.30000000000000004,1,False
jev,trec,trec:test:479,order,1,0,flat,0.0,0.0,0.0,0,True
jev,trec,trec:test:479,order,1,0,marginal,0.30000000000000004,0.012000000000000002,0.1988,1,False
jev,trec,trec:test:339,order,1,0,coarse,0.18,0.06,0.17999999999999994,1,False
jev,trec,trec:test:339,order,1,0,flat,0.11909090909090912,0.004763636363636365,0.07919191919191919,0,False
jev,trec,trec:test:339,order,1,0,marginal,0.20245454545454541,0.008098181818181817,0.17999999999999994,0,False
jev,massive,massive:test:10636,order,1,0,coarse,0.03999999999999995,0.004444444444444439,0.039999999999999994,0,False
jev,massive,massive:test:10636,order,1,0,flat,0.020000000000000007,0.0006666666666666669,0.020000000000000018,0,False
jev,massive,massive:test:10636,order,1,0,marginal,0.13139999999999996,0.0043799999999999985,0.12139999999999995,0,False
jev,clinc,clinc:test:1253,order,1,0,coarse,0.010000000000000005,0.002000000000000001,0.010000000000000009,0,False
jev,clinc,clinc:test:1253,order,1,0,flat,0.21,0.0028,0.20999999999999996,0,False
jev,clinc,clinc:test:1253,order,1,0,marginal,0.13191919191919188,0.0017589225589225584,0.12191919191919187,0,False
jev,clinc,clinc:test:2397,order,1,0,coarse,0.010000000000000005,0.002000000000000001,0.010000000000000009,0,False
jev,clinc,clinc:test:2397,order,1,0,flat,0.0,0.0,0.0,0,True
jev,clinc,clinc:test:2397,order,1,0,marginal,0.01594646464646465,0.00021261952861952865,0.015230303030303033,0,False
jev,trec,trec:test:69,order,1,0,coarse,0.010000000000000004,0.0033333333333333344,0.010000000000000009,0,False
jev,trec,trec:test:69,order,1,0,flat,0.24000000000000005,0.009600000000000003,0.18000000000000002,0,False
jev,trec,trec:test:69,order,1,0,marginal,0.016200000000000006,0.0006480000000000002,0.010000000000000009,0,False
jev,clinc,clinc:test:1469,order,1,0,coarse,0.19999999999999996,0.039999999999999994,0.18,0,False
jev,clinc,clinc:test:1469,order,1,0,flat,0.030000000000000006,0.0004000000000000001,0.03,0,False
jev,clinc,clinc:test:1469,order,1,0,marginal,0.2374,0.0031653333333333334,0.1683,0,False
jev,trec,trec:test:403,order,1,0,coarse,0.010000000000000005,0.0033333333333333353,0.010000000000000009,0,False
jev,trec,trec:test:403,order,1,0,flat,0.12,0.0048,0.10999999999999999,0,False
jev,trec,trec:test:403,order,1,0,marginal,0.052500000000000026,0.002100000000000001,0.04710000000000003,0,False
jev,clinc,clinc:test:4265,order,1,0,coarse,0.0,0.0,0.0,0,True
jev,clinc,clinc:test:4265,order,1,0,flat,0.0,0.0,0.0,0,True
jev,clinc,clinc:test:4265,order,1,0,marginal,0.0,0.0,0.0,0,True
jev,clinc,clinc:test:4430,order,1,0,coarse,0.06999999999999997,0.013999999999999993,0.06999999999999995,0,False
jev,clinc,clinc:test:4430,order,1,0,flat,0.010000000000000005,0.0001333333333333334,0.010000000000000009,0,False
jev,clinc,clinc:test:4430,order,1,0,marginal,0.07029999999999997,0.000937333333333333,0.06999999999999995,0,False
jev,trec,trec:test:383,order,1,0,coarse,0.10999999999999999,0.03666666666666666,0.09999999999999998,0,False
jev,trec,trec:test:383,order,1,0,flat,0.13999999999999996,0.005599999999999998,0.06999999999999995,0,False
jev,trec,trec:test:383,order,1,0,marginal,0.27485252525252524,0.01099410101010101,0.13979999999999998,1,False
jev,massive,massive:test:6860,order,1,0,coarse,0.07000000000000002,0.00777777777777778,0.040000000000000036,0,False
jev,massive,massive:test:6860,order,1,0,flat,0.04999999999999996,0.0016666666666666655,0.049999999999999996,0,False
jev,massive,massive:test:6860,order,1,0,marginal,0.07,0.0023333333333333335,0.040000000000000036,0,False
jev,clinc,clinc:test:3349,order,1,0,coarse,0.09999999999999998,0.019999999999999997,0.10000000000000002,0,False
jev,clinc,clinc:test:3349,order,1,0,flat,0.020000000000000007,0.0002666666666666668,0.020000000000000004,0,False
jev,clinc,clinc:test:3349,order,1,0,marginal,0.1769,0.002358666666666667,0.09680000000000002,0,False
jev,clinc,clinc:test:1465,order,1,0,coarse,0.17000000000000004,0.03400000000000001,0.16,0,False
jev,clinc,clinc:test:1465,order,1,0,flat,0.0,0.0,0.0,0,True
jev,clinc,clinc:test:1465,order,1,0,marginal,0.21022626262626262,0.002803016835016835,0.1395070707070707,1,False
jev,massive,massive:test:2957,order,1,0,coarse,0.01,0.0011111111111111111,0.01,0,False
jev,massive,massive:test:2957,order,1,0,flat,0.0393939393939394,0.0013131313131313133,0.039393939393939426,0,False
jev,massive,massive:test:2957,order,1,0,marginal,0.05021818181818184,0.0016739393939393947,0.03880000000000006,0,False
jev,trec,trec:test:282,order,1,0,coarse,0.0,0.0,0.0,0,True
jev,trec,trec:test:282,order,1,0,flat,0.28,0.011200000000000002,0.28,1,False
jev,trec,trec:test:282,order,1,0,marginal,0.010000000000000002,0.0004000000000000001,0.010000000000000009,0,False
jev,massive,massive:test:3222,order,1,0,coarse,0.06999999999999997,0.007777777777777774,0.07,0,False
jev,massive,massive:test:3222,order,1,0,flat,0.27323232323232327,0.00910774410774411,0.27323232323232327,0,False
jev,massive,massive:test:3222,order,1,0,marginal,0.0966656565656566,0.003222188552188553,0.07202020202020204,0,False
jev,clinc,clinc:test:876,order,1,0,coarse,0.14,0.028000000000000004,0.14,0,False
jev,clinc,clinc:test:876,order,1,0,flat,0.010000000000000005,0.0001333333333333334,0.010000000000000009,0,False
jev,clinc,clinc:test:876,order,1,0,marginal,0.1456,0.0019413333333333333,0.0989,0,False
jev,clinc,clinc:test:2540,order,1,0,coarse,0.0,0.0,0.0,0,True
jev,clinc,clinc:test:2540,order,1,0,flat,0.09999999999999999,0.0013333333333333333,0.1,0,False
jev,clinc,clinc:test:2540,order,1,0,marginal,0.010000000000000004,0.0001333333333333334,0.010000000000000009,0,False
jev,massive,massive:test:4166,order,1,0,coarse,0.010000000000000005,0.0011111111111111118,0.010000000000000009,0,False
jev,massive,massive:test:4166,order,1,0,flat,0.13,0.004333333333333333,0.13,0,False
jev,massive,massive:test:4166,order,1,0,marginal,0.04050000000000005,0.0013500000000000016,0.04050000000000001,0,False
jev,clinc,clinc:test:2933,order,1,0,coarse,0.18,0.036,0.15000000000000002,0,False
jev,clinc,clinc:test:2933,order,1,0,flat,0.0,0.0,0.0,0,True
jev,clinc,clinc:test:2933,order,1,0,marginal,0.22810000000000002,0.003041333333333334,0.14470000000000005,0,False
jev,trec,trec:test:390,order,1,0,coarse,0.05,0.016666666666666666,0.04999999999999999,0,False
jev,trec,trec:test:390,order,1,0,flat,0.23292929292929293,0.009317171717171717,0.21313131313131317,0,False
jev,trec,trec:test:390,order,1,0,marginal,0.18619999999999998,0.007447999999999999,0.12439999999999996,0,False
jev,trec,trec:test:334,order,1,0,coarse,0.14000000000000004,0.04666666666666668,0.14,0,False
jev,trec,trec:test:334,order,1,0,flat,0.06999999999999999,0.0027999999999999995,0.05,0,False
jev,trec,trec:test:334,order,1,0,marginal,0.1477,0.005908,0.14,0,False
jev,massive,massive:test:4567,order,1,0,coarse,0.010000000000000005,0.0011111111111111118,0.010000000000000009,0,False
jev,massive,massive:test:4567,order,1,0,flat,0.0,0.0,0.0,0,True
jev,massive,massive:test:4567,order,1,0,marginal,0.010000000000000004,0.00033333333333333343,0.010000000000000009,0,False
jev,trec,trec:test:300,order,1,0,coarse,0.02000000000000001,0.0066666666666666706,0.020000000000000018,0,False
jev,trec,trec:test:300,order,1,0,flat,0.08999999999999998,0.0035999999999999995,0.08000000000000002,0,False
jev,trec,trec:test:300,order,1,0,marginal,0.13319999999999999,0.005327999999999999,0.13319999999999999,0,False
jev,massive,massive:test:1180,order,1,0,coarse,0.02000000000000001,0.0022222222222222235,0.020000000000000018,0,False
jev,massive,massive:test:1180,order,1,0,flat,0.010000000000000005,0.00033333333333333354,0.010000000000000009,0,False
jev,massive,massive:test:1180,order,1,0,marginal,0.021200000000000007,0.0007066666666666669,0.020000000000000018,0,False
jev,massive,massive:test:14648,order,1,0,coarse,0.010000000000000005,0.0011111111111111118,0.010000000000000009,0,False
jev,massive,massive:test:14648,order,1,0,flat,0.08000000000000004,0.0026666666666666683,0.08000000000000007,0,False
jev,massive,massive:test:14648,order,1,0,marginal,0.037299999999999986,0.0012433333333333328,0.03539999999999999,0,False
jev,clinc,clinc:test:2794,order,1,0,coarse,0.02000000000000001,0.004000000000000002,0.020000000000000018,0,False
jev,clinc,clinc:test:2794,order,1,0,flat,0.19000000000000003,0.0025333333333333336,0.19000000000000006,1,False
jev,clinc,clinc:test:2794,order,1,0,marginal,0.024500000000000043,0.0003266666666666672,0.024500000000000077,0,False
jev,trec,trec:test:250,order,1,0,coarse,0.18,0.06,0.18,1,False
jev,trec,trec:test:250,order,1,0,flat,0.21303030303030301,0.00852121212121212,0.13454545454545452,0,False
jev,trec,trec:test:250,order,1,0,marginal,0.22500000000000003,0.009000000000000001,0.1512,1,False
jev,trec,trec:test:459,order,1,0,coarse,0.02000000000000001,0.0066666666666666706,0.020000000000000018,0,False
jev,trec,trec:test:459,order,1,0,flat,0.12,0.0048,0.1,0,False
jev,trec,trec:test:459,order,1,0,marginal,0.03831111111111106,0.0015324444444444424,0.024833333333333263,0,False
jev,clinc,clinc:test:895,order,1,0,coarse,0.12999999999999998,0.025999999999999995,0.09000000000000002,0,False
jev,clinc,clinc:test:895,order,1,0,flat,0.1344444444444444,0.001792592592592592,0.09404040404040409,0,False
jev,clinc,clinc:test:895,order,1,0,marginal,0.22110000000000002,0.002948,0.061799999999999966,0,False
jev,trec,trec:test:182,order,1,0,coarse,0.029999999999999957,0.009999999999999986,0.03,0,False
jev,trec,trec:test:182,order,1,0,flat,0.1981818181818182,0.007927272727272729,0.19818181818181815,0,False
jev,trec,trec:test:182,order,1,0,marginal,0.03319999999999999,0.0013279999999999998,0.030500000000000003,0,False
jev,massive,massive:test:14461,order,1,0,coarse,0.32000000000000006,0.03555555555555556,0.32,1,False
jev,massive,massive:test:14461,order,1,0,flat,0.08000000000000002,0.002666666666666667,0.050000000000000044,0,False
jev,massive,massive:test:14461,order,1,0,marginal,0.3365,0.011216666666666668,0.3297999999999999,1,False
jev,trec,trec:test:396,order,1,0,coarse,0.08000000000000002,0.026666666666666672,0.06999999999999999,0,False
jev,trec,trec:test:396,order,1,0,flat,0.28858585858585856,0.011543434343434342,0.2582828282828282,0,False
jev,trec,trec:test:396,order,1,0,marginal,0.09680000000000004,0.0038720000000000017,0.06689999999999999,0,False
jev,trec,trec:test:25,order,1,0,coarse,0.17000000000000004,0.05666666666666668,0.17000000000000004,0,False
jev,trec,trec:test:25,order,1,0,flat,0.2887878787878788,0.011551515151515153,0.278989898989899,0,False
jev,trec,trec:test:25,order,1,0,marginal,0.18798383838383845,0.007519353535353538,0.17485252525252531,0,False
jev,clinc,clinc:test:2077,order,1,0,coarse,0.10000000000000003,0.020000000000000007,0.1,0,False
jev,clinc,clinc:test:2077,order,1,0,flat,0.19,0.002533333333333333,0.18999999999999995,0,False
jev,clinc,clinc:test:2077,order,1,0,marginal,0.10920000000000002,0.0014560000000000003,0.09840000000000004,0,False
jev,clinc,clinc:test:552,order,1,0,coarse,0.11000000000000001,0.022000000000000002,0.11,0,False
jev,clinc,clinc:test:552,order,1,0,flat,0.1671717171717172,0.0022289562289562292,0.16717171717171714,0,False
jev,clinc,clinc:test:552,order,1,0,marginal,0.17280000000000006,0.002304000000000001,0.062000000000000055,1,False
jev,clinc,clinc:test:4394,order,1,0,coarse,0.06000000000000002,0.012000000000000004,0.05,0,False
jev,clinc,clinc:test:4394,order,1,0,flat,0.04000000000000001,0.0005333333333333335,0.039999999999999994,0,False
jev,clinc,clinc:test:4394,order,1,0,marginal,0.12799999999999997,0.0017066666666666662,0.037799999999999945,0,False
jev,massive,massive:test:4831,order,1,0,coarse,0.010000000000000005,0.0011111111111111118,0.010000000000000009,0,False
jev,massive,massive:test:4831,order,1,0,flat,0.0,0.0,0.0,0,True
jev,massive,massive:test:4831,order,1,0,marginal,0.010000000000000004,0.00033333333333333343,0.010000000000000009,0,False
jev,trec,trec:test:315,order,1,0,coarse,0.13,0.043333333333333335,0.13,0,False
jev,trec,trec:test:315,order,1,0,flat,0.11000000000000004,0.004400000000000002,0.09000000000000008,0,False
jev,trec,trec:test:315,order,1,0,marginal,0.13848282828282826,0.00553931313131313,0.0887,0,False
jev,clinc,clinc:test:2840,order,1,0,coarse,0.19,0.038,0.10999999999999999,1,False
jev,clinc,clinc:test:2840,order,1,0,flat,0.040000000000000015,0.0005333333333333336,0.040000000000000036,0,False
jev,clinc,clinc:test:2840,order,1,0,marginal,0.20359999999999995,0.002714666666666666,0.09899999999999998,0,False
jev,clinc,clinc:test:3267,order,1,0,coarse,0.5181818181818183,0.10363636363636367,0.5181818181818183,1,False
jev,clinc,clinc:test:3267,order,1,0,flat,0.0,0.0,0.0,0,True
jev,clinc,clinc:test:3267,order,1,0,marginal,0.5206060606060607,0.006941414141414143,0.5181818181818183,0,False
jev,massive,massive:test:13819,order,1,0,coarse,0.020000000000000014,0.002222222222222224,0.020000000000000018,0,False
jev,massive,massive:test:13819,order,1,0,flat,0.019999999999999952,0.000666666666666665,0.019999999999999997,0,False
jev,massive,massive:test:13819,order,1,0,marginal,0.020000000000000014,0.0006666666666666672,0.020000000000000018,0,False
jev,clinc,clinc:test:2150,order,1,0,coarse,0.0,0.0,0.0,0,True
jev,clinc,clinc:test:2150,order,1,0,flat,0.010000000000000005,0.0001333333333333334,0.010000000000000009,0,False
jev,clinc,clinc:test:2150,order,1,0,marginal,0.0,0.0,0.0,0,True
jev,trec,trec:test:480,order,1,0,coarse,0.0,0.0,0.0,0,True
jev,trec,trec:test:480,order,1,0,flat,0.29292929292929293,0.011717171717171716,0.11111111111111108,1,False
jev,trec,trec:test:480,order,1,0,marginal,0.15259999999999993,0.0061039999999999974,0.13159999999999997,0,False
jev,massive,massive:test:12839,order,1,0,coarse,0.020000000000000004,0.0022222222222222227,0.02,0,False
jev,massive,massive:test:12839,order,1,0,flat,0.19,0.006333333333333333,0.17999999999999997,0,False
jev,massive,massive:test:12839,order,1,0,marginal,0.057100000000000026,0.0019033333333333341,0.04710000000000003,0,False
jev,trec,trec:test:36,order,1,0,coarse,0.04999999999999997,0.016666666666666656,0.05,0,False
jev,trec,trec:test:36,order,1,0,flat,0.15838383838383843,0.006335353535353538,0.14838383838383837,0,False
jev,trec,trec:test:36,order,1,0,marginal,0.05679999999999993,0.002271999999999997,0.05679999999999985,0,False
jev,clinc,clinc:test:989,order,1,0,coarse,0.52,0.10400000000000001,0.52,1,False
jev,clinc,clinc:test:989,order,1,0,flat,0.010000000000000005,0.0001333333333333334,0.010000000000000009,0,False
jev,clinc,clinc:test:989,order,1,0,marginal,0.5214,0.006952,0.48879999999999996,1,False
jev,massive,massive:test:3441,order,1,0,coarse,0.22999999999999998,0.025555555555555554,0.23,0,False
jev,massive,massive:test:3441,order,1,0,flat,0.04000000000000001,0.0013333333333333335,0.030000000000000006,0,False
jev,massive,massive:test:3441,order,1,0,marginal,0.25339999999999996,0.008446666666666665,0.23,0,False
jev,trec,trec:test:431,order,1,0,coarse,0.030000000000000013,0.010000000000000004,0.020000000000000018,0,False
jev,trec,trec:test:431,order,1,0,flat,0.24606060606060604,0.009842424242424241,0.20737373737373727,1,False
jev,trec,trec:test:431,order,1,0,marginal,0.10040000000000004,0.004016000000000002,0.05190000000000006,0,False
jev,massive,massive:test:10263,order,1,0,coarse,0.06999999999999998,0.007777777777777776,0.07,0,False
jev,massive,massive:test:10263,order,1,0,flat,0.0,0.0,0.0,0,True
jev,massive,massive:test:10263,order,1,0,marginal,0.06999999999999998,0.0023333333333333327,0.06999999999999995,0,False
jev,clinc,clinc:test:4478,order,1,0,coarse,0.08999999999999998,0.017999999999999995,0.09,0,False
jev,clinc,clinc:test:4478,order,1,0,flat,0.0,0.0,0.0,0,True
jev,clinc,clinc:test:4478,order,1,0,marginal,0.09509999999999998,0.0012679999999999996,0.08999999999999997,0,False
jev,clinc,clinc:test:3676,order,1,0,coarse,0.0,0.0,0.0,0,True
jev,clinc,clinc:test:3676,order,1,0,flat,0.0,0.0,0.0,0,True
jev,clinc,clinc:test:3676,order,1,0,marginal,0.0,0.0,0.0,0,True
jev,clinc,clinc:test:1772,order,1,0,coarse,0.04999999999999996,0.009999999999999992,0.04999999999999993,0,False
jev,clinc,clinc:test:1772,order,1,0,flat,0.16000000000000003,0.002133333333333334,0.16000000000000003,0,False
jev,clinc,clinc:test:1772,order,1,0,marginal,0.12369999999999998,0.001649333333333333,0.10099999999999998,0,False
jev,massive,massive:test:1252,order,1,0,coarse,0.0,0.0,0.0,0,True
jev,massive,massive:test:1252,order,1,0,flat,0.0,0.0,0.0,0,True
jev,massive,massive:test:1252,order,1,0,marginal,0.01000000000000001,0.0003333333333333337,0.00990000000000002,0,False
jev,trec,trec:test:92,order,1,0,coarse,0.18000000000000002,0.060000000000000005,0.18000000000000005,0,False
jev,trec,trec:test:92,order,1,0,flat,0.08979797979797981,0.003591919191919192,0.07949494949494951,0,False
jev,trec,trec:test:92,order,1,0,marginal,0.18380000000000002,0.007352000000000001,0.18000000000000005,0,False
jev,trec,trec:test:161,order,1,0,coarse,0.020000000000000004,0.006666666666666668,0.020000000000000018,0,False
jev,trec,trec:test:161,order,1,0,flat,0.12999999999999998,0.005199999999999999,0.10999999999999999,0,False
jev,trec,trec:test:161,order,1,0,marginal,0.03880000000000003,0.001552000000000001,0.031299999999999994,0,False
jev,massive,massive:test:1413,order,1,0,coarse,0.06999999999999998,0.007777777777777776,0.04999999999999996,0,False
jev,massive,massive:test:1413,order,1,0,flat,0.040000000000000015,0.0013333333333333337,0.030000000000000027,0,False
jev,massive,massive:test:1413,order,1,0,marginal,0.1842,0.0061400000000000005,0.0864,0,False
jev,clinc,clinc:test:2406,order,1,0,coarse,0.0,0.0,0.0,0,True
jev,clinc,clinc:test:2406,order,1,0,flat,0.039999999999999994,0.0005333333333333333,0.03,0,False
jev,clinc,clinc:test:2406,order,1,0,marginal,0.010000000000000005,0.0001333333333333334,0.010000000000000009,0,False
jev,massive,massive:test:15513,order,1,0,coarse,0.04000000000000002,0.004444444444444447,0.030000000000000027,0,False
jev,massive,massive:test:15513,order,1,0,flat,0.05999999999999997,0.001999999999999999,0.06,0,False
jev,massive,massive:test:15513,order,1,0,marginal,0.06009999999999999,0.002003333333333333,0.030100000000000002,0,False
jev,trec,trec:test:438,order,1,0,coarse,0.030000000000000013,0.010000000000000004,0.030000000000000027,0,False
jev,trec,trec:test:438,order,1,0,flat,0.21474747474747474,0.00858989898989899,0.15404040404040403,0,False
jev,trec,trec:test:438,order,1,0,marginal,0.046299999999999994,0.0018519999999999997,0.04630000000000001,0,False
jev,trec,trec:test:194,order,1,0,coarse,0.010000000000000005,0.0033333333333333353,0.010000000000000009,0,False
jev,trec,trec:test:194,order,1,0,flat,0.030000000000000016,0.0012000000000000005,0.030000000000000027,0,False
jev,trec,trec:test:194,order,1,0,marginal,0.012121212121212133,0.0004848484848484853,0.00990000000000002,0,False
jev,trec,trec:test:325,order,1,0,coarse,0.030000000000000013,0.010000000000000004,0.030000000000000027,0,False
jev,trec,trec:test:325,order,1,0,flat,0.16303030303030297,0.006521212121212119,0.133131313131313,0,False
jev,trec,trec:test:325,order,1,0,marginal,0.16620000000000004,0.006648000000000002,0.16620000000000013,0,False
jev,clinc,clinc:test:2267,order,1,0,coarse,0.26,0.052000000000000005,0.26000000000000006,1,False
jev,clinc,clinc:test:2267,order,1,0,flat,0.0931313131313131,0.0012417508417508414,0.07313131313131305,0,False
jev,clinc,clinc:test:2267,order,1,0,marginal,0.2805000000000001,0.003740000000000001,0.18563232323232332,1,False
jev,clinc,clinc:test:2915,order,1,0,coarse,0.0,0.0,0.0,0,True
jev,clinc,clinc:test:2915,order,1,0,flat,0.38999999999999996,0.0052,0.38999999999999996,1,False
jev,clinc,clinc:test:2915,order,1,0,marginal,0.08999999999999997,0.0011999999999999997,0.08999999999999997,0,False
jev,massive,massive:test:14859,order,1,0,coarse,0.32000000000000006,0.03555555555555556,0.32000000000000006,1,False
jev,massive,massive:test:14859,order,1,0,flat,0.010000000000000005,0.00033333333333333354,0.010000000000000009,0,False
jev,massive,massive:test:14859,order,1,0,marginal,0.32,0.010666666666666666,0.31200000000000006,0,False
jev,clinc,clinc:test:987,order,1,0,coarse,0.25,0.05,0.19,1,False
jev,clinc,clinc:test:987,order,1,0,flat,0.01,0.00013333333333333334,0.01,0,False
jev,clinc,clinc:test:987,order,1,0,marginal,0.2771,0.003694666666666667,0.15330000000000005,0,False
jev,massive,massive:test:484,order,4,0,coarse,0.28,0.031111111111111114,0.28,1,False
jev,massive,massive:test:484,order,4,0,flat,0.06000000000000004,0.0020000000000000013,0.06000000000000005,0,False
jev,massive,massive:test:484,order,4,0,marginal,0.28040000000000004,0.009346666666666668,0.254,1,False
jev,clinc,clinc:test:522,order,4,0,coarse,0.39,0.078,0.39,1,False
jev,clinc,clinc:test:522,order,4,0,flat,0.0,0.0,0.0,0,True
jev,clinc,clinc:test:522,order,4,0,marginal,0.40060000000000007,0.005341333333333334,0.39,1,False
jev,trec,trec:test:141,order,4,0,coarse,0.019999999999999997,0.006666666666666665,0.01999999999999999,0,False
jev,trec,trec:test:141,order,4,0,flat,0.2656565656565657,0.010626262626262628,0.21727272727272728,0,False
jev,trec,trec:test:141,order,4,0,marginal,0.22560000000000008,0.009024000000000003,0.18030000000000013,0,False
jev,trec,trec:test:138,order,4,0,coarse,0.04000000000000001,0.013333333333333336,0.04000000000000001,0,False
jev,trec,trec:test:138,order,4,0,flat,0.20545454545454545,0.008218181818181817,0.10232323232323234,1,False
jev,trec,trec:test:138,order,4,0,marginal,0.05234545454545454,0.0020938181818181815,0.02800000000000001,0,False
jev,trec,trec:test:234,order,4,0,coarse,0.05999999999999996,0.019999999999999987,0.04999999999999999,0,False
jev,trec,trec:test:234,order,4,0,flat,0.09757575757575758,0.003903030303030303,0.05555555555555558,0,False
jev,trec,trec:test:234,order,4,0,marginal,0.1798,0.007192,0.16539999999999994,0,False
jev,massive,massive:test:4671,order,4,0,coarse,0.11000000000000004,0.012222222222222226,0.1100000000000001,0,False
jev,massive,massive:test:4671,order,4,0,flat,0.0,0.0,0.0,0,True
jev,massive,massive:test:4671,order,4,0,marginal,0.11010000000000006,0.003670000000000002,0.1100000000000001,0,False
jev,massive,massive:test:11903,order,4,0,coarse,0.10999999999999999,0.012222222222222221,0.10999999999999999,0,False
jev,massive,massive:test:11903,order,4,0,flat,0.010000000000000004,0.00033333333333333343,0.010000000000000009,0,False
jev,massive,massive:test:11903,order,4,0,marginal,0.15399999999999997,0.005133333333333333,0.1528,0,False
jev,trec,trec:test:393,order,4,0,coarse,0.14999999999999997,0.04999999999999999,0.14999999999999997,1,False
jev,trec,trec:test:393,order,4,0,flat,0.12999999999999998,0.005199999999999999,0.09999999999999998,0,False
jev,trec,trec:test:393,order,4,0,marginal,0.1939838383838384,0.007759353535353536,0.14549999999999996,0,False
jev,massive,massive:test:10226,order,4,0,coarse,0.010000000000000005,0.0011111111111111118,0.010000000000000009,0,False
jev,massive,massive:test:10226,order,4,0,flat,0.010000000000000005,0.00033333333333333354,0.010000000000000009,0,False
jev,massive,massive:test:10226,order,4,0,marginal,0.036000000000000025,0.0012000000000000008,0.03600000000000003,0,False
jev,trec,trec:test:39,order,4,0,coarse,0.06313131313131314,0.021043771043771045,0.06313131313131315,0,False
jev,trec,trec:test:39,order,4,0,flat,0.0505050505050505,0.0020202020202020198,0.03030303030303031,0,False
jev,trec,trec:test:39,order,4,0,marginal,0.06509494949494947,0.0026037979797979786,0.05563131313131309,0,False
jev,massive,massive:test:15970,order,4,0,coarse,0.010000000000000005,0.0011111111111111118,0.010000000000000009,0,False
jev,massive,massive:test:15970,order,4,0,flat,0.05999999999999997,0.001999999999999999,0.06,0,False
jev,massive,massive:test:15970,order,4,0,marginal,0.06669999999999997,0.0022233333333333324,0.06619999999999993,0,False
jev,clinc,clinc:test:246,order,4,0,coarse,0.0,0.0,0.0,0,True
jev,clinc,clinc:test:246,order,4,0,flat,0.0,0.0,0.0,0,True
jev,clinc,clinc:test:246,order,4,0,marginal,0.0012000000000000005,1.6000000000000006e-05,0.0009000000000000015,0,False
jev,massive,massive:test:3852,order,4,0,coarse,0.0,0.0,0.0,0,True
jev,massive,massive:test:3852,order,4,0,flat,0.0,0.0,0.0,0,True
jev,massive,massive:test:3852,order,4,0,marginal,0.0,0.0,0.0,0,True
jev,massive,massive:test:13181,order,4,0,coarse,0.18,0.02,0.14,0,False
jev,massive,massive:test:13181,order,4,0,flat,0.30000000000000004,0.010000000000000002,0.15,0,False
jev,massive,massive:test:13181,order,4,0,marginal,0.2096,0.006986666666666667,0.09860000000000002,0,False
jev,clinc,clinc:test:8,order,4,0,coarse,0.16000000000000003,0.03200000000000001,0.16000000000000003,0,False
jev,clinc,clinc:test:8,order,4,0,flat,0.030000000000000013,0.0004000000000000002,0.030000000000000027,0,False
jev,clinc,clinc:test:8,order,4,0,marginal,0.25260000000000005,0.0033680000000000008,0.2401000000000001,0,False
jev,massive,massive:test:3694,order,4,0,coarse,0.020000000000000007,0.002222222222222223,0.020000000000000018,0,False
jev,massive,massive:test:3694,order,4,0,flat,0.0,0.0,0.0,0,True
jev,massive,massive:test:3694,order,4,0,marginal,0.020000000000000007,0.0006666666666666669,0.020000000000000018,0,False
jev,massive,massive:test:10731,order,4,0,coarse,0.010000000000000005,0.0011111111111111118,0.010000000000000009,0,False
jev,massive,massive:test:10731,order,4,0,flat,0.010000000000000005,0.00033333333333333354,0.010000000000000009,0,False
jev,massive,massive:test:10731,order,4,0,marginal,0.010300000000000005,0.0003433333333333335,0.010000000000000009,0,False
jev,trec,trec:test:337,order,4,0,coarse,0.07000000000000003,0.023333333333333345,0.07000000000000006,0,False
jev,trec,trec:test:337,order,4,0,flat,0.26999999999999996,0.010799999999999999,0.21999999999999997,1,False
jev,trec,trec:test:337,order,4,0,marginal,0.13999999999999996,0.005599999999999998,0.1283,0,False
jev,massive,massive:test:1516,order,4,0,coarse,0.010000000000000005,0.0011111111111111118,0.010000000000000009,0,False
jev,massive,massive:test:1516,order,4,0,flat,0.04000000000000002,0.0013333333333333342,0.040000000000000036,0,False
jev,massive,massive:test:1516,order,4,0,marginal,0.22849999999999998,0.007616666666666666,0.22820000000000001,0,False
jev,trec,trec:test:477,order,4,0,coarse,0.03727272727272724,0.012424242424242414,0.03050505050505051,0,False
jev,trec,trec:test:477,order,4,0,flat,0.08949494949494952,0.0035797979797979806,0.08949494949494952,0,False
jev,trec,trec:test:477,order,4,0,marginal,0.043905050505050475,0.001756202020202019,0.02618181818181814,0,False
jev,massive,massive:test:17015,order,4,0,coarse,0.08000000000000002,0.00888888888888889,0.06,0,False
jev,massive,massive:test:17015,order,4,0,flat,0.21212121212121204,0.0070707070707070685,0.12121212121212116,1,False
jev,massive,massive:test:17015,order,4,0,marginal,0.1466,0.004886666666666667,0.09320000000000006,0,False
jev,clinc,clinc:test:4229,order,4,0,coarse,0.010000000000000005,0.002000000000000001,0.010000000000000009,0,False
jev,clinc,clinc:test:4229,order,4,0,flat,0.0,0.0,0.0,0,True
jev,clinc,clinc:test:4229,order,4,0,marginal,0.010000000000000005,0.0001333333333333334,0.010000000000000009,0,False
jev,massive,massive:test:15402,order,4,0,coarse,0.09999999999999998,0.011111111111111108,0.09999999999999998,0,False
jev,massive,massive:test:15402,order,4,0,flat,0.02000000000000001,0.0006666666666666671,0.020000000000000018,0,False
jev,massive,massive:test:15402,order,4,0,marginal,0.1001,0.0033366666666666666,0.09999999999999998,0,False
jev,trec,trec:test:479,order,4,0,coarse,0.14,0.04666666666666667,0.13,1,False
jev,trec,trec:test:479,order,4,0,flat,0.0,0.0,0.0,0,True
jev,trec,trec:test:479,order,4,0,marginal,0.1457,0.005828,0.09427272727272729,1,False
jev,trec,trec:test:339,order,4,0,coarse,0.24,0.08,0.23,1,False
jev,trec,trec:test:339,order,4,0,flat,0.060606060606060566,0.0024242424242424225,0.03030303030303029,0,False
jev,trec,trec:test:339,order,4,0,marginal,0.25489999999999996,0.010195999999999998,0.22999999999999998,0,False
jev,massive,massive:test:10636,order,4,0,coarse,0.04999999999999996,0.005555555555555551,0.04999999999999993,0,False
jev,massive,massive:test:10636,order,4,0,flat,0.010000000000000005,0.00033333333333333354,0.010000000000000009,0,False
jev,massive,massive:test:10636,order,4,0,marginal,0.10220000000000004,0.003406666666666668,0.10220000000000007,0,False
jev,clinc,clinc:test:1253,order,4,0,coarse,0.06999999999999998,0.013999999999999995,0.07,0,False
jev,clinc,clinc:test:1253,order,4,0,flat,0.12999999999999998,0.001733333333333333,0.08,0,False
jev,clinc,clinc:test:1253,order,4,0,marginal,0.11529999999999993,0.0015373333333333324,0.0835999999999999,0,False
jev,clinc,clinc:test:2397,order,4,0,coarse,0.039999999999999966,0.007999999999999993,0.04,0,False
jev,clinc,clinc:test:2397,order,4,0,flat,0.0,0.0,0.0,0,True
jev,clinc,clinc:test:2397,order,4,0,marginal,0.04943030303030299,0.0006590707070707066,0.04704646464646465,0,False
jev,trec,trec:test:69,order,4,0,coarse,0.0,0.0,0.0,0,True
jev,trec,trec:test:69,order,4,0,flat,0.26999999999999996,0.010799999999999999,0.20999999999999996,0,False
jev,trec,trec:test:69,order,4,0,marginal,0.0446,0.001784,0.044,0,False
jev,clinc,clinc:test:1469,order,4,0,coarse,0.15,0.03,0.12,0,False
jev,clinc,clinc:test:1469,order,4,0,flat,0.02000000000000001,0.0002666666666666668,0.020000000000000018,0,False
jev,clinc,clinc:test:1469,order,4,0,marginal,0.17235555555555554,0.002298074074074074,0.12359999999999999,0,False
jev,trec,trec:test:403,order,4,0,coarse,0.020000000000000007,0.006666666666666669,0.020000000000000018,0,False
jev,trec,trec:test:403,order,4,0,flat,0.32999999999999996,0.013199999999999998,0.32999999999999996,0,False
jev,trec,trec:test:403,order,4,0,marginal,0.34559999999999996,0.013823999999999998,0.3456,1,False
jev,clinc,clinc:test:4265,order,4,0,coarse,0.0,0.0,0.0,0,True
jev,clinc,clinc:test:4265,order,4,0,flat,0.0,0.0,0.0,0,True
jev,clinc,clinc:test:4265,order,4,0,marginal,0.0,0.0,0.0,0,True
jev,clinc,clinc:test:4430,order,4,0,coarse,0.06999999999999997,0.013999999999999993,0.06999999999999995,0,False
jev,clinc,clinc:test:4430,order,4,0,flat,0.010000000000000005,0.0001333333333333334,0.010000000000000009,0,False
jev,clinc,clinc:test:4430,order,4,0,marginal,0.07019999999999998,0.0009359999999999998,0.06999999999999995,0,False
jev,trec,trec:test:383,order,4,0,coarse,0.05949494949494946,0.01983164983164982,0.049595959595959596,0,False
jev,trec,trec:test:383,order,4,0,flat,0.11999999999999998,0.0048,0.11,0,False
jev,trec,trec:test:383,order,4,0,marginal,0.1347636363636363,0.0053905454545454526,0.049191919191919176,0,False
jev,massive,massive:test:6860,order,4,0,coarse,0.07,0.007777777777777778,0.050000000000000044,0,False
jev,massive,massive:test:6860,order,4,0,flat,0.12,0.004,0.12,0,False
jev,massive,massive:test:6860,order,4,0,marginal,0.07050000000000002,0.0023500000000000005,0.050000000000000044,0,False
jev,clinc,clinc:test:3349,order,4,0,coarse,0.23000000000000004,0.046000000000000006,0.22999999999999998,1,False
jev,clinc,clinc:test:3349,order,4,0,flat,0.010000000000000002,0.00013333333333333337,0.010000000000000002,0,False
jev,clinc,clinc:test:3349,order,4,0,marginal,0.26050000000000006,0.0034733333333333343,0.2141,1,False
jev,clinc,clinc:test:1465,order,4,0,coarse,0.09000000000000001,0.018000000000000002,0.07999999999999999,0,False
jev,clinc,clinc:test:1465,order,4,0,flat,0.0,0.0,0.0,0,True
jev,clinc,clinc:test:1465,order,4,0,marginal,0.20420707070707067,0.002722760942760942,0.05829999999999999,0,False
jev,massive,massive:test:2957,order,4,0,coarse,0.01,0.0011111111111111111,0.01,0,False
jev,massive,massive:test:2957,order,4,0,flat,0.06000000000000002,0.0020000000000000005,0.050000000000000044,0,False
jev,massive,massive:test:2957,order,4,0,marginal,0.02049999999999997,0.0006833333333333323,0.0097,0,False
jev,trec,trec:test:282,order,4,0,coarse,0.0,0.0,0.0,0,True
jev,trec,trec:test:282,order,4,0,flat,0.37,0.0148,0.36999999999999994,1,False
jev,trec,trec:test:282,order,4,0,marginal,0.14,0.005600000000000001,0.14,0,False
jev,massive,massive:test:3222,order,4,0,coarse,0.05999999999999996,0.006666666666666663,0.06,0,False
jev,massive,massive:test:3222,order,4,0,flat,0.030404040404040374,0.0010134680134680125,0.0304040404040404,0,False
jev,massive,massive:test:3222,order,4,0,marginal,0.0676,0.0022533333333333333,0.04749999999999999,0,False
jev,clinc,clinc:test:876,order,4,0,coarse,0.19,0.038,0.18999999999999995,0,False
jev,clinc,clinc:test:876,order,4,0,flat,0.030000000000000016,0.00040000000000000024,0.030000000000000027,0,False
jev,clinc,clinc:test:876,order,4,0,marginal,0.20420000000000002,0.002722666666666667,0.13549999999999998,0,False
jev,clinc,clinc:test:2540,order,4,0,coarse,0.010000000000000005,0.002000000000000001,0.010000000000000009,0,False
jev,clinc,clinc:test:2540,order,4,0,flat,0.04999999999999996,0.0006666666666666661,0.049999999999999996,0,False
jev,clinc,clinc:test:2540,order,4,0,marginal,0.010099999999999994,0.0001346666666666666,0.0101,0,False
jev,massive,massive:test:4166,order,4,0,coarse,0.02000000000000001,0.0022222222222222235,0.020000000000000018,0,False
jev,massive,massive:test:4166,order,4,0,flat,0.09,0.003,0.09000000000000002,0,False
jev,massive,massive:test:4166,order,4,0,marginal,0.10179999999999999,0.003393333333333333,0.1018,0,False
jev,clinc,clinc:test:2933,order,4,0,coarse,0.17000000000000004,0.03400000000000001,0.14,0,False
jev,clinc,clinc:test:2933,order,4,0,flat,0.0,0.0,0.0,0,True
jev,clinc,clinc:test:2933,order,4,0,marginal,0.19283030303030307,0.0025710707070707075,0.11060000000000003,0,False
jev,trec,trec:test:390,order,4,0,coarse,0.04000000000000002,0.013333333333333341,0.040000000000000036,0,False
jev,trec,trec:test:390,order,4,0,flat,0.050000000000000024,0.002000000000000001,0.040000000000000036,0,False
jev,trec,trec:test:390,order,4,0,marginal,0.2539,0.010156,0.1856,0,False
jev,trec,trec:test:334,order,4,0,coarse,0.25,0.08333333333333333,0.23,0,False
jev,trec,trec:test:334,order,4,0,flat,0.0973737373737374,0.0038949494949494963,0.07666666666666677,0,False
jev,trec,trec:test:334,order,4,0,marginal,0.2631,0.010524,0.23409999999999997,0,False
jev,massive,massive:test:4567,order,4,0,coarse,0.010000000000000005,0.0011111111111111118,0.010000000000000009,0,False
jev,massive,massive:test:4567,order,4,0,flat,0.0,0.0,0.0,0,True
jev,massive,massive:test:4567,order,4,0,marginal,0.010000000000000004,0.00033333333333333343,0.010000000000000009,0,False
jev,trec,trec:test:300,order,4,0,coarse,0.02000000000000001,0.0066666666666666706,0.020000000000000018,0,False
jev,trec,trec:test:300,order,4,0,flat,0.11,0.0044,0.1,0,False
jev,trec,trec:test:300,order,4,0,marginal,0.1431,0.005724,0.14300000000000002,0,False
jev,massive,massive:test:1180,order,4,0,coarse,0.01,0.0011111111111111111,0.01,0,False
jev,massive,massive:test:1180,order,4,0,flat,0.0,0.0,0.0,0,True
jev,massive,massive:test:1180,order,4,0,marginal,0.01,0.0003333333333333333,0.01,0,False
jev,massive,massive:test:14648,order,4,0,coarse,0.010000000000000005,0.0011111111111111118,0.010000000000000009,0,False
jev,massive,massive:test:14648,order,4,0,flat,0.0,0.0,0.0,0,True
jev,massive,massive:test:14648,order,4,0,marginal,0.36879999999999996,0.012293333333333331,0.3685999999999999,1,False
jev,clinc,clinc:test:2794,order,4,0,coarse,0.020000000000000004,0.004000000000000001,0.02,0,False
jev,clinc,clinc:test:2794,order,4,0,flat,0.05000000000000002,0.0006666666666666669,0.050000000000000044,1,False
jev,clinc,clinc:test:2794,order,4,0,marginal,0.1333,0.0017773333333333335,0.11790000000000003,0,False
jev,trec,trec:test:250,order,4,0,coarse,0.08999999999999997,0.02999999999999999,0.08999999999999997,0,False
jev,trec,trec:test:250,order,4,0,flat,0.23555555555555557,0.009422222222222222,0.23555555555555563,0,False
jev,trec,trec:test:250,order,4,0,marginal,0.193,0.00772,0.1134,0,False
jev,trec,trec:test:459,order,4,0,coarse,0.12000000000000005,0.040000000000000015,0.11000000000000004,1,False
jev,trec,trec:test:459,order,4,0,flat,0.19,0.0076,0.15,0,False
jev,trec,trec:test:459,order,4,0,marginal,0.15444343434343438,0.006177737373737375,0.13470000000000004,1,False
jev,clinc,clinc:test:895,order,4,0,coarse,0.33000000000000007,0.06600000000000002,0.32999999999999996,1,False
jev,clinc,clinc:test:895,order,4,0,flat,0.5486868686868688,0.007315824915824917,0.5182828282828282,1,False
jev,clinc,clinc:test:895,order,4,0,marginal,0.4000030303030304,0.005333373737373739,0.27270000000000005,1,False
jev,trec,trec:test:182,order,4,0,coarse,0.04000000000000002,0.013333333333333341,0.040000000000000036,0,False
jev,trec,trec:test:182,order,4,0,flat,0.14333333333333334,0.005733333333333333,0.1233333333333333,0,False
jev,trec,trec:test:182,order,4,0,marginal,0.0572,0.002288,0.05720000000000003,0,False
jev,massive,massive:test:14461,order,4,0,coarse,0.07454545454545455,0.008282828282828284,0.06454545454545457,0,False
jev,massive,massive:test:14461,order,4,0,flat,0.05000000000000002,0.0016666666666666672,0.050000000000000044,0,False
jev,massive,massive:test:14461,order,4,0,marginal,0.18678181818181816,0.006226060606060606,0.11521818181818178,0,False
jev,trec,trec:test:396,order,4,0,coarse,0.12,0.04,0.12,0,False
jev,trec,trec:test:396,order,4,0,flat,0.33757575757575764,0.013503030303030305,0.32757575757575763,1,False
jev,trec,trec:test:396,order,4,0,marginal,0.1366,0.005464,0.12429999999999997,0,False
jev,trec,trec:test:25,order,4,0,coarse,0.08000000000000002,0.026666666666666672,0.08000000000000002,1,False
jev,trec,trec:test:25,order,4,0,flat,0.29767676767676765,0.011907070707070706,0.2587878787878788,0,False
jev,trec,trec:test:25,order,4,0,marginal,0.21860000000000002,0.008744,0.1184,1,False
jev,clinc,clinc:test:2077,order,4,0,coarse,0.17000000000000004,0.03400000000000001,0.16000000000000003,0,False
jev,clinc,clinc:test:2077,order,4,0,flat,0.1388888888888889,0.001851851851851852,0.11939393939393941,0,False
jev,clinc,clinc:test:2077,order,4,0,marginal,0.17830000000000004,0.0023773333333333337,0.16770000000000007,0,False
jev,clinc,clinc:test:552,order,4,0,coarse,0.11000000000000001,0.022000000000000002,0.11,0,False
jev,clinc,clinc:test:552,order,4,0,flat,0.15292929292929291,0.002039057239057239,0.14282828282828286,0,False
jev,clinc,clinc:test:552,order,4,0,marginal,0.26139999999999997,0.003485333333333333,0.15480000000000002,1,False
jev,clinc,clinc:test:4394,order,4,0,coarse,0.16999999999999998,0.033999999999999996,0.16999999999999998,0,False
jev,clinc,clinc:test:4394,order,4,0,flat,0.10999999999999999,0.0014666666666666665,0.10999999999999999,0,False
jev,clinc,clinc:test:4394,order,4,0,marginal,0.21457373737373736,0.002860983164983165,0.12419999999999999,0,False
jev,massive,massive:test:4831,order,4,0,coarse,0.030000000000000013,0.003333333333333335,0.030000000000000027,0,False
jev,massive,massive:test:4831,order,4,0,flat,0.0,0.0,0.0,0,True
jev,massive,massive:test:4831,order,4,0,marginal,0.030000000000000013,0.0010000000000000005,0.030000000000000027,0,False
jev,trec,trec:test:315,order,4,0,coarse,0.09000000000000002,0.03000000000000001,0.09000000000000008,0,False
jev,trec,trec:test:315,order,4,0,flat,0.09000000000000004,0.0036000000000000016,0.08000000000000007,0,False
jev,trec,trec:test:315,order,4,0,marginal,0.11903131313131314,0.004761252525252526,0.06259494949494948,0,False
jev,clinc,clinc:test:2840,order,4,0,coarse,0.25,0.05,0.19,1,False
jev,clinc,clinc:test:2840,order,4,0,flat,0.030000000000000013,0.0004000000000000002,0.030000000000000027,0,False
jev,clinc,clinc:test:2840,order,4,0,marginal,0.2724,0.003632,0.11779999999999999,0,False
jev,clinc,clinc:test:3267,order,4,0,coarse,0.03181818181818179,0.006363636363636358,0.031818181818181746,0,False
jev,clinc,clinc:test:3267,order,4,0,flat,0.0,0.0,0.0,0,True
jev,clinc,clinc:test:3267,order,4,0,marginal,0.042355371900826416,0.0005647382920110188,0.031818181818181746,0,False
jev,massive,massive:test:13819,order,4,0,coarse,0.019999999999999997,0.002222222222222222,0.01999999999999999,0,False
jev,massive,massive:test:13819,order,4,0,flat,0.0,0.0,0.0,0,True
jev,massive,massive:test:13819,order,4,0,marginal,0.02,0.0006666666666666666,0.01999999999999999,0,False
jev,clinc,clinc:test:2150,order,4,0,coarse,0.0,0.0,0.0,0,True
jev,clinc,clinc:test:2150,order,4,0,flat,0.010000000000000005,0.0001333333333333334,0.010000000000000009,0,False
jev,clinc,clinc:test:2150,order,4,0,marginal,0.0,0.0,0.0,0,True
jev,trec,trec:test:480,order,4,0,coarse,0.010000000000000005,0.0033333333333333353,0.010000000000000009,0,False
jev,trec,trec:test:480,order,4,0,flat,0.2222222222222222,0.008888888888888889,0.11111111111111108,1,False
jev,trec,trec:test:480,order,4,0,marginal,0.25479999999999997,0.010192,0.20109999999999997,1,False
jev,massive,massive:test:12839,order,4,0,coarse,0.029999999999999957,0.0033333333333333288,0.029999999999999916,0,False
jev,massive,massive:test:12839,order,4,0,flat,0.30000000000000004,0.010000000000000002,0.30000000000000004,0,False
jev,massive,massive:test:12839,order,4,0,marginal,0.03069999999999999,0.0010233333333333331,0.0237,0,False
jev,trec,trec:test:36,order,4,0,coarse,0.010000000000000004,0.0033333333333333344,0.010000000000000009,0,False
jev,trec,trec:test:36,order,4,0,flat,0.18,0.0072,0.13,0,False
jev,trec,trec:test:36,order,4,0,marginal,0.04079999999999999,0.0016319999999999996,0.03859999999999997,0,False
jev,clinc,clinc:test:989,order,4,0,coarse,0.23,0.046,0.23000000000000004,1,False
jev,clinc,clinc:test:989,order,4,0,flat,0.0,0.0,0.0,0,True
jev,clinc,clinc:test:989,order,4,0,marginal,0.2302,0.003069333333333333,0.20299999999999996,1,False
jev,massive,massive:test:3441,order,4,0,coarse,0.21000000000000002,0.023333333333333334,0.21000000000000002,1,False
jev,massive,massive:test:3441,order,4,0,flat,0.22999999999999998,0.007666666666666666,0.22999999999999998,0,False
jev,massive,massive:test:3441,order,4,0,marginal,0.21000000000000002,0.007000000000000001,0.1698,1,False
jev,trec,trec:test:431,order,4,0,coarse,0.02000000000000001,0.0066666666666666706,0.020000000000000018,0,False
jev,trec,trec:test:431,order,4,0,flat,0.17434343434343433,0.006973737373737373,0.12737373737373736,1,False
jev,trec,trec:test:431,order,4,0,marginal,0.2970030303030303,0.011880121212121213,0.27428787878787886,1,False
jev,massive,massive:test:10263,order,4,0,coarse,0.0,0.0,0.0,0,True
jev,massive,massive:test:10263,order,4,0,flat,0.0,0.0,0.0,0,True
jev,massive,massive:test:10263,order,4,0,marginal,0.002400000000000001,8.000000000000003e-05,0.002400000000000001,0,False
jev,clinc,clinc:test:4478,order,4,0,coarse,0.0,0.0,0.0,0,True
jev,clinc,clinc:test:4478,order,4,0,flat,0.0,0.0,0.0,0,True
jev,clinc,clinc:test:4478,order,4,0,marginal,0.0075,9.999999999999999e-05,0.005999999999999998,0,False
jev,clinc,clinc:test:3676,order,4,0,coarse,0.0,0.0,0.0,0,True
jev,clinc,clinc:test:3676,order,4,0,flat,0.0,0.0,0.0,0,True
jev,clinc,clinc:test:3676,order,4,0,marginal,0.0,0.0,0.0,0,True
jev,clinc,clinc:test:1772,order,4,0,coarse,0.24000000000000005,0.04800000000000001,0.24000000000000005,1,False
jev,clinc,clinc:test:1772,order,4,0,flat,0.20939393939393938,0.002791919191919192,0.20939393939393935,0,False
jev,clinc,clinc:test:1772,order,4,0,marginal,0.25287272727272736,0.003371636363636365,0.21461818181818193,1,False
jev,massive,massive:test:1252,order,4,0,coarse,0.01,0.0011111111111111111,0.01,0,False
jev,massive,massive:test:1252,order,4,0,flat,0.0,0.0,0.0,0,True
jev,massive,massive:test:1252,order,4,0,marginal,0.01990000000000001,0.0006633333333333337,0.01,0,False
jev,trec,trec:test:92,order,4,0,coarse,0.058383838383838364,0.019461279461279454,0.03838383838383841,0,False
jev,trec,trec:test:92,order,4,0,flat,0.07969696969696971,0.0031878787878787886,0.0694949494949495,0,False
jev,trec,trec:test:92,order,4,0,marginal,0.0742272727272727,0.0029690909090909078,0.03581818181818184,0,False
jev,trec,trec:test:161,order,4,0,coarse,0.009999999999999995,0.003333333333333332,0.010000000000000009,0,False
jev,trec,trec:test:161,order,4,0,flat,0.08000000000000004,0.003200000000000002,0.08000000000000007,0,False
jev,trec,trec:test:161,order,4,0,marginal,0.013900000000000001,0.0005560000000000001,0.008199999999999999,0,False
jev,massive,massive:test:1413,order,4,0,coarse,0.20000000000000004,0.022222222222222227,0.16999999999999998,0,False
jev,massive,massive:test:1413,order,4,0,flat,0.030000000000000002,0.001,0.020000000000000004,0,False
jev,massive,massive:test:1413,order,4,0,marginal,0.2056,0.006853333333333334,0.11899999999999997,0,False
jev,clinc,clinc:test:2406,order,4,0,coarse,0.0,0.0,0.0,0,True
jev,clinc,clinc:test:2406,order,4,0,flat,0.04999999999999997,0.0006666666666666662,0.04999999999999993,0,False
jev,clinc,clinc:test:2406,order,4,0,marginal,0.020000000000000007,0.0002666666666666668,0.020000000000000018,0,False
jev,massive,massive:test:15513,order,4,0,coarse,0.11000000000000001,0.012222222222222225,0.10000000000000003,1,False
jev,massive,massive:test:15513,order,4,0,flat,0.17999999999999997,0.005999999999999999,0.17999999999999994,0,False
jev,massive,massive:test:15513,order,4,0,marginal,0.11520000000000001,0.0038400000000000005,0.09999999999999998,1,False
jev,trec,trec:test:438,order,4,0,coarse,0.02000000000000001,0.0066666666666666706,0.020000000000000018,0,False
jev,trec,trec:test:438,order,4,0,flat,0.158989898989899,0.006359595959595959,0.14898989898989898,0,False
jev,trec,trec:test:438,order,4,0,marginal,0.019999999999999997,0.0007999999999999999,0.0188,0,False
jev,trec,trec:test:194,order,4,0,coarse,0.08999999999999998,0.029999999999999995,0.09,0,False
jev,trec,trec:test:194,order,4,0,flat,0.020000000000000007,0.0008000000000000003,0.020000000000000018,0,False
jev,trec,trec:test:194,order,4,0,marginal,0.08999999999999997,0.0035999999999999986,0.08029999999999993,0,False
jev,trec,trec:test:325,order,4,0,coarse,0.029999999999999957,0.009999999999999986,0.029999999999999916,0,False
jev,trec,trec:test:325,order,4,0,flat,0.07999999999999996,0.0031999999999999984,0.07,0,False
jev,trec,trec:test:325,order,4,0,marginal,0.13419999999999999,0.0053679999999999995,0.13319999999999993,0,False
jev,clinc,clinc:test:2267,order,4,0,coarse,0.11000000000000004,0.02200000000000001,0.10999999999999999,0,False
jev,clinc,clinc:test:2267,order,4,0,flat,0.15000000000000002,0.0020000000000000005,0.14,0,False
jev,clinc,clinc:test:2267,order,4,0,marginal,0.19420000000000004,0.0025893333333333337,0.10139999999999999,1,False
jev,clinc,clinc:test:2915,order,4,0,coarse,0.0,0.0,0.0,0,True
jev,clinc,clinc:test:2915,order,4,0,flat,0.19,0.002533333333333333,0.19,0,False
jev,clinc,clinc:test:2915,order,4,0,marginal,0.10999999999999999,0.0014666666666666665,0.10999999999999999,0,False
jev,massive,massive:test:14859,order,4,0,coarse,0.18000000000000002,0.020000000000000004,0.18000000000000005,0,False
jev,massive,massive:test:14859,order,4,0,flat,0.26,0.008666666666666666,0.26,0,False
jev,massive,massive:test:14859,order,4,0,marginal,0.20520000000000002,0.006840000000000001,0.20300000000000007,0,False
jev,clinc,clinc:test:987,order,4,0,coarse,0.32,0.064,0.31000000000000005,1,False
jev,clinc,clinc:test:987,order,4,0,flat,0.010000000000000005,0.0001333333333333334,0.010000000000000009,0,False
jev,clinc,clinc:test:987,order,4,0,marginal,0.324,0.00432,0.30150000000000005,0,False
jev,massive,massive:test:484,repeat,0,1,coarse,0.010000000000000009,0.0011111111111111122,0.010000000000000009,0,False
jev,massive,massive:test:484,repeat,0,1,flat,0.010000000000000002,0.0003333333333333334,0.010000000000000009,0,False
jev,massive,massive:test:484,repeat,0,1,marginal,0.010399999999999994,0.00034666666666666646,0.010000000000000009,0,False
jev,clinc,clinc:test:522,repeat,0,1,coarse,0.06000000000000002,0.012000000000000004,0.06,0,False
jev,clinc,clinc:test:522,repeat,0,1,flat,0.0,0.0,0.0,0,True
jev,clinc,clinc:test:522,repeat,0,1,marginal,0.06140000000000001,0.0008186666666666668,0.042800000000000005,0,False
jev,trec,trec:test:141,repeat,0,1,coarse,0.0,0.0,0.0,0,True
jev,trec,trec:test:141,repeat,0,1,flat,0.06060606060606061,0.0024242424242424242,0.06060606060606061,0,False
jev,trec,trec:test:141,repeat,0,1,marginal,0.0736,0.002944,0.06879999999999997,0,False
jev,trec,trec:test:138,repeat,0,1,coarse,0.08999999999999997,0.02999999999999999,0.08999999999999997,0,False
jev,trec,trec:test:138,repeat,0,1,flat,0.03,0.0012,0.020000000000000004,0,False
jev,trec,trec:test:138,repeat,0,1,marginal,0.09404040404040405,0.003761616161616162,0.04260000000000003,1,False
jev,trec,trec:test:234,repeat,0,1,coarse,0.020000000000000014,0.006666666666666671,0.020000000000000018,0,False
jev,trec,trec:test:234,repeat,0,1,flat,0.05999999999999999,0.0024,0.05000000000000002,0,False
jev,trec,trec:test:234,repeat,0,1,marginal,0.05883333333333333,0.002353333333333333,0.04153333333333331,0,False
jev,massive,massive:test:4671,repeat,0,1,coarse,0.030000000000000006,0.003333333333333334,0.020000000000000018,0,False
jev,massive,massive:test:4671,repeat,0,1,flat,0.0,0.0,0.0,0,True
jev,massive,massive:test:4671,repeat,0,1,marginal,0.0303,0.00101,0.020000000000000018,0,False
jev,massive,massive:test:11903,repeat,0,1,coarse,0.0672727272727273,0.007474747474747478,0.06676767676767681,0,False
jev,massive,massive:test:11903,repeat,0,1,flat,0.010000000000000005,0.00033333333333333354,0.010000000000000009,0,False
jev,massive,massive:test:11903,repeat,0,1,marginal,0.0678656565656566,0.002262188552188553,0.05911919191919196,1,False
jev,trec,trec:test:393,repeat,0,1,coarse,0.03000000000000001,0.010000000000000004,0.020000000000000018,0,False
jev,trec,trec:test:393,repeat,0,1,flat,0.030000000000000013,0.0012000000000000005,0.020000000000000018,0,False
jev,trec,trec:test:393,repeat,0,1,marginal,0.033317171717171724,0.001332686868686869,0.014600000000000016,0,False
jev,massive,massive:test:10226,repeat,0,1,coarse,0.010000000000000005,0.0011111111111111118,0.010000000000000009,0,False
jev,massive,massive:test:10226,repeat,0,1,flat,0.0,0.0,0.0,0,True
jev,massive,massive:test:10226,repeat,0,1,marginal,0.04590000000000002,0.0015300000000000005,0.04590000000000005,0,False
jev,trec,trec:test:39,repeat,0,1,coarse,0.010000000000000002,0.003333333333333334,0.010000000000000009,0,False
jev,trec,trec:test:39,repeat,0,1,flat,0.010101010101010083,0.00040404040404040334,0.010101010101010102,0,False
jev,trec,trec:test:39,repeat,0,1,marginal,0.00999999999999997,0.0003999999999999988,0.0075,0,False
jev,massive,massive:test:15970,repeat,0,1,coarse,0.0,0.0,0.0,0,True
jev,massive,massive:test:15970,repeat,0,1,flat,0.020000000000000004,0.0006666666666666668,0.020000000000000018,0,False
jev,massive,massive:test:15970,repeat,0,1,marginal,0.019000000000000017,0.000633333333333334,0.01880000000000004,0,False
jev,clinc,clinc:test:246,repeat,0,1,coarse,0.010000000000000005,0.002000000000000001,0.010000000000000009,0,False
jev,clinc,clinc:test:246,repeat,0,1,flat,0.0,0.0,0.0,0,True
jev,clinc,clinc:test:246,repeat,0,1,marginal,0.010000000000000005,0.0001333333333333334,0.010000000000000009,0,False
jev,massive,massive:test:3852,repeat,0,1,coarse,0.0,0.0,0.0,0,True
jev,massive,massive:test:3852,repeat,0,1,flat,0.0,0.0,0.0,0,True
jev,massive,massive:test:3852,repeat,0,1,marginal,0.0,0.0,0.0,0,True
jev,massive,massive:test:13181,repeat,0,1,coarse,0.06999999999999999,0.007777777777777777,0.04000000000000001,0,False
jev,massive,massive:test:13181,repeat,0,1,flat,0.049999999999999996,0.0016666666666666666,0.04000000000000001,0,False
jev,massive,massive:test:13181,repeat,0,1,marginal,0.0847,0.002823333333333333,0.04100000000000001,0,False
jev,clinc,clinc:test:8,repeat,0,1,coarse,0.03181818181818178,0.006363636363636356,0.031818181818181746,0,False
jev,clinc,clinc:test:8,repeat,0,1,flat,0.0,0.0,0.0,0,True
jev,clinc,clinc:test:8,repeat,0,1,marginal,0.03287878787878786,0.00043838383838383814,0.029909090909090885,0,False
jev,massive,massive:test:3694,repeat,0,1,coarse,0.0,0.0,0.0,0,True
jev,massive,massive:test:3694,repeat,0,1,flat,0.0,0.0,0.0,0,True
jev,massive,massive:test:3694,repeat,0,1,marginal,0.00019999999999999987,6.666666666666662e-06,0.0002000000000000001,0,False
jev,massive,massive:test:10731,repeat,0,1,coarse,0.0,0.0,0.0,0,True
jev,massive,massive:test:10731,repeat,0,1,flat,0.0,0.0,0.0,0,True
jev,massive,massive:test:10731,repeat,0,1,marginal,0.00030000000000000003,1e-05,0.0002999999999999999,0,False
jev,trec,trec:test:337,repeat,0,1,coarse,0.02000000000000001,0.0066666666666666706,0.020000000000000018,0,False
jev,trec,trec:test:337,repeat,0,1,flat,0.030000000000000013,0.0012000000000000005,0.030000000000000027,0,False
jev,trec,trec:test:337,repeat,0,1,marginal,0.049900000000000014,0.0019960000000000004,0.049699999999999966,0,False
jev,massive,massive:test:1516,repeat,0,1,coarse,0.0,0.0,0.0,0,True
jev,massive,massive:test:1516,repeat,0,1,flat,0.02000000000000001,0.0006666666666666671,0.020000000000000018,0,False
jev,massive,massive:test:1516,repeat,0,1,marginal,0.00010000000000000015,3.3333333333333384e-06,0.00010000000000000026,0,False
jev,trec,trec:test:477,repeat,0,1,coarse,0.023232323232323212,0.007744107744107737,0.02323232323232316,0,False
jev,trec,trec:test:477,repeat,0,1,flat,0.04000000000000002,0.001600000000000001,0.030000000000000027,0,False
jev,trec,trec:test:477,repeat,0,1,marginal,0.023527272727272695,0.0009410909090909078,0.02276767676767666,0,False
jev,massive,massive:test:17015,repeat,0,1,coarse,0.06000000000000001,0.006666666666666668,0.06,1,False
jev,massive,massive:test:17015,repeat,0,1,flat,0.03151515151515156,0.001050505050505052,0.020909090909090905,0,False
jev,massive,massive:test:17015,repeat,0,1,marginal,0.06070000000000004,0.0020233333333333344,0.04970000000000002,1,False
jev,clinc,clinc:test:4229,repeat,0,1,coarse,0.0,0.0,0.0,0,True
jev,clinc,clinc:test:4229,repeat,0,1,flat,0.0,0.0,0.0,0,True
jev,clinc,clinc:test:4229,repeat,0,1,marginal,0.0001999999999999995,2.66666666666666e-06,0.0001999999999999988,0,False
jev,massive,massive:test:15402,repeat,0,1,coarse,0.010000000000000009,0.0011111111111111122,0.010000000000000009,0,False
jev,massive,massive:test:15402,repeat,0,1,flat,0.0,0.0,0.0,0,True
jev,massive,massive:test:15402,repeat,0,1,marginal,0.010900000000000012,0.0003633333333333337,0.010000000000000009,0,False
jev,trec,trec:test:479,repeat,0,1,coarse,0.03,0.01,0.030000000000000027,0,False
jev,trec,trec:test:479,repeat,0,1,flat,0.0,0.0,0.0,0,True
jev,trec,trec:test:479,repeat,0,1,marginal,0.0414,0.001656,0.021399999999999975,0,False
jev,trec,trec:test:339,repeat,0,1,coarse,0.019999999999999983,0.006666666666666661,0.020000000000000004,0,False
jev,trec,trec:test:339,repeat,0,1,flat,0.048787878787878824,0.0019515151515151529,0.03808080808080816,0,False
jev,trec,trec:test:339,repeat,0,1,marginal,0.022400000000000003,0.0008960000000000001,0.019999999999999962,0,False
jev,massive,massive:test:10636,repeat,0,1,coarse,0.040000000000000015,0.004444444444444446,0.040000000000000036,0,False
jev,massive,massive:test:10636,repeat,0,1,flat,0.0,0.0,0.0,0,True
jev,massive,massive:test:10636,repeat,0,1,marginal,0.0722,0.0024066666666666668,0.07040000000000002,0,False
jev,clinc,clinc:test:1253,repeat,0,1,coarse,0.010000000000000005,0.002000000000000001,0.010000000000000009,0,False
jev,clinc,clinc:test:1253,repeat,0,1,flat,0.04171717171717171,0.0005562289562289561,0.0317171717171717,0,False
jev,clinc,clinc:test:1253,repeat,0,1,marginal,0.01000000000000006,0.00013333333333333413,0.010000000000000002,0,False
jev,clinc,clinc:test:2397,repeat,0,1,coarse,0.010000000000000005,0.002000000000000001,0.010000000000000009,0,False
jev,clinc,clinc:test:2397,repeat,0,1,flat,0.0,0.0,0.0,0,True
jev,clinc,clinc:test:2397,repeat,0,1,marginal,0.010101010101010107,0.00013468013468013475,0.010000000000000009,0,False
jev,trec,trec:test:69,repeat,0,1,coarse,0.010000000000000009,0.003333333333333336,0.010000000000000009,0,False
jev,trec,trec:test:69,repeat,0,1,flat,0.1239393939393939,0.004957575757575756,0.11313131313131314,0,False
jev,trec,trec:test:69,repeat,0,1,marginal,0.010600000000000004,0.0004240000000000001,0.010000000000000009,0,False
jev,clinc,clinc:test:1469,repeat,0,1,coarse,0.08000000000000002,0.016000000000000004,0.050000000000000044,0,False
jev,clinc,clinc:test:1469,repeat,0,1,flat,0.010000000000000005,0.0001333333333333334,0.010000000000000009,0,False
jev,clinc,clinc:test:1469,repeat,0,1,marginal,0.08260000000000003,0.0011013333333333337,0.04300000000000004,0,False
jev,trec,trec:test:403,repeat,0,1,coarse,0.02000000000000001,0.0066666666666666706,0.020000000000000018,0,False
jev,trec,trec:test:403,repeat,0,1,flat,0.046060606060606094,0.0018424242424242437,0.045757575757575886,0,False
jev,trec,trec:test:403,repeat,0,1,marginal,0.01999999999999997,0.0007999999999999987,0.016599999999999948,0,False
jev,clinc,clinc:test:4265,repeat,0,1,coarse,0.0,0.0,0.0,0,True
jev,clinc,clinc:test:4265,repeat,0,1,flat,0.0,0.0,0.0,0,True
jev,clinc,clinc:test:4265,repeat,0,1,marginal,0.0,0.0,0.0,0,True
jev,clinc,clinc:test:4430,repeat,0,1,coarse,0.010000000000000002,0.0020000000000000005,0.010000000000000009,0,False
jev,clinc,clinc:test:4430,repeat,0,1,flat,0.0,0.0,0.0,0,True
jev,clinc,clinc:test:4430,repeat,0,1,marginal,0.012400000000000001,0.00016533333333333336,0.010000000000000009,0,False
jev,trec,trec:test:383,repeat,0,1,coarse,0.010000000000000005,0.0033333333333333353,0.010000000000000009,0,False
jev,trec,trec:test:383,repeat,0,1,flat,0.01767676767676764,0.0007070707070707057,0.016666666666666607,0,False
jev,trec,trec:test:383,repeat,0,1,marginal,0.01734242424242424,0.0006936969696969696,0.00981818181818181,0,False
jev,massive,massive:test:6860,repeat,0,1,coarse,0.03000000000000001,0.0033333333333333344,0.020000000000000018,0,False
jev,massive,massive:test:6860,repeat,0,1,flat,0.0,0.0,0.0,0,True
jev,massive,massive:test:6860,repeat,0,1,marginal,0.03000000000000001,0.0010000000000000002,0.020000000000000018,0,False
jev,clinc,clinc:test:3349,repeat,0,1,coarse,0.06999999999999998,0.013999999999999995,0.04000000000000001,0,False
jev,clinc,clinc:test:3349,repeat,0,1,flat,0.020000000000000007,0.0002666666666666668,0.020000000000000018,0,False
jev,clinc,clinc:test:3349,repeat,0,1,marginal,0.0924,0.001232,0.042800000000000005,0,False
jev,clinc,clinc:test:1465,repeat,0,1,coarse,0.05,0.01,0.020000000000000018,0,False
jev,clinc,clinc:test:1465,repeat,0,1,flat,0.0,0.0,0.0,0,True
jev,clinc,clinc:test:1465,repeat,0,1,marginal,0.1065808080808081,0.0014210774410774413,0.06560000000000002,0,False
jev,massive,massive:test:2957,repeat,0,1,coarse,0.010000000000000005,0.0011111111111111118,0.010000000000000009,0,False
jev,massive,massive:test:2957,repeat,0,1,flat,0.039393939393939356,0.0013131313131313118,0.039393939393939315,0,False
jev,massive,massive:test:2957,repeat,0,1,marginal,0.02960000000000001,0.0009866666666666672,0.029000000000000026,0,False
jev,trec,trec:test:282,repeat,0,1,coarse,0.0,0.0,0.0,0,True
jev,trec,trec:test:282,repeat,0,1,flat,0.13,0.0052,0.13,0,False
jev,trec,trec:test:282,repeat,0,1,marginal,0.0,0.0,0.0,0,True
jev,massive,massive:test:3222,repeat,0,1,coarse,0.020000000000000007,0.002222222222222223,0.020000000000000004,0,False
jev,massive,massive:test:3222,repeat,0,1,flat,0.010000000000000005,0.00033333333333333354,0.010000000000000009,0,False
jev,massive,massive:test:3222,repeat,0,1,marginal,0.023845454545454562,0.0007948484848484854,0.020879797979797998,0,False
jev,clinc,clinc:test:876,repeat,0,1,coarse,0.0,0.0,0.0,0,True
jev,clinc,clinc:test:876,repeat,0,1,flat,0.0,0.0,0.0,0,True
jev,clinc,clinc:test:876,repeat,0,1,marginal,0.029800000000000007,0.0003973333333333334,0.019600000000000006,0,False
jev,clinc,clinc:test:2540,repeat,0,1,coarse,0.0,0.0,0.0,0,True
jev,clinc,clinc:test:2540,repeat,0,1,flat,0.020000000000000007,0.0002666666666666668,0.020000000000000018,0,False
jev,clinc,clinc:test:2540,repeat,0,1,marginal,0.010000000000000005,0.0001333333333333334,0.010000000000000009,0,False
jev,massive,massive:test:4166,repeat,0,1,coarse,0.010000000000000004,0.0011111111111111115,0.010000000000000009,0,False
jev,massive,massive:test:4166,repeat,0,1,flat,0.04999999999999999,0.0016666666666666663,0.050000000000000044,0,False
jev,massive,massive:test:4166,repeat,0,1,marginal,0.02029999999999999,0.0006766666666666663,0.0203,0,False
jev,clinc,clinc:test:2933,repeat,0,1,coarse,0.050000000000000024,0.010000000000000005,0.05,0,False
jev,clinc,clinc:test:2933,repeat,0,1,flat,0.0,0.0,0.0,0,True
jev,clinc,clinc:test:2933,repeat,0,1,marginal,0.056964646464646454,0.0007595286195286194,0.02969999999999995,0,False
jev,trec,trec:test:390,repeat,0,1,coarse,0.04000000000000002,0.013333333333333341,0.040000000000000036,0,False
jev,trec,trec:test:390,repeat,0,1,flat,0.04000000000000002,0.001600000000000001,0.040000000000000036,0,False
jev,trec,trec:test:390,repeat,0,1,marginal,0.04949999999999999,0.0019799999999999996,0.043200000000000016,0,False
jev,trec,trec:test:334,repeat,0,1,coarse,0.05000000000000002,0.016666666666666673,0.05000000000000002,0,False
jev,trec,trec:test:334,repeat,0,1,flat,0.02000000000000001,0.0008000000000000005,0.020000000000000018,0,False
jev,trec,trec:test:334,repeat,0,1,marginal,0.05100000000000003,0.0020400000000000014,0.048500000000000015,0,False
jev,massive,massive:test:4567,repeat,0,1,coarse,0.010000000000000005,0.0011111111111111118,0.010000000000000009,0,False
jev,massive,massive:test:4567,repeat,0,1,flat,0.0,0.0,0.0,0,True
jev,massive,massive:test:4567,repeat,0,1,marginal,0.010000000000000004,0.00033333333333333343,0.010000000000000009,0,False
jev,trec,trec:test:300,repeat,0,1,coarse,0.009999999999999998,0.0033333333333333327,0.01,0,False
jev,trec,trec:test:300,repeat,0,1,flat,0.020000000000000018,0.0008000000000000007,0.020000000000000018,0,False
jev,trec,trec:test:300,repeat,0,1,marginal,0.04860000000000004,0.0019440000000000015,0.0384000000000001,0,False
jev,massive,massive:test:1180,repeat,0,1,coarse,0.010000000000000005,0.0011111111111111118,0.010000000000000009,0,False
jev,massive,massive:test:1180,repeat,0,1,flat,0.0,0.0,0.0,0,True
jev,massive,massive:test:1180,repeat,0,1,marginal,0.010600000000000005,0.0003533333333333335,0.010000000000000009,0,False
jev,massive,massive:test:14648,repeat,0,1,coarse,0.0,0.0,0.0,0,True
jev,massive,massive:test:14648,repeat,0,1,flat,0.030000000000000013,0.0010000000000000005,0.030000000000000027,0,False
jev,massive,massive:test:14648,repeat,0,1,marginal,0.039799999999999974,0.0013266666666666659,0.03959999999999997,0,False
jev,clinc,clinc:test:2794,repeat,0,1,coarse,0.009999999999999998,0.0019999999999999996,0.01,0,False
jev,clinc,clinc:test:2794,repeat,0,1,flat,0.05000000000000002,0.0006666666666666669,0.050000000000000044,0,False
jev,clinc,clinc:test:2794,repeat,0,1,marginal,0.04920000000000004,0.0006560000000000005,0.03880000000000006,0,False
jev,trec,trec:test:250,repeat,0,1,coarse,0.03,0.01,0.030000000000000027,0,False
jev,trec,trec:test:250,repeat,0,1,flat,0.059999999999999956,0.002399999999999998,0.04999999999999999,0,False
jev,trec,trec:test:250,repeat,0,1,marginal,0.030100000000000023,0.0012040000000000009,0.015600000000000003,0,False
jev,trec,trec:test:459,repeat,0,1,coarse,0.05999999999999997,0.01999999999999999,0.05999999999999994,0,False
jev,trec,trec:test:459,repeat,0,1,flat,0.0545454545454546,0.002181818181818184,0.04414141414141415,0,False
jev,trec,trec:test:459,repeat,0,1,marginal,0.0609313131313131,0.002437252525252524,0.05636363636363628,0,False
jev,clinc,clinc:test:895,repeat,0,1,coarse,0.08000000000000002,0.016000000000000004,0.050000000000000044,0,False
jev,clinc,clinc:test:895,repeat,0,1,flat,0.08393939393939391,0.0011191919191919188,0.07383838383838387,0,False
jev,clinc,clinc:test:895,repeat,0,1,marginal,0.09701212121212124,0.00129349494949495,0.031,0,False
jev,trec,trec:test:182,repeat,0,1,coarse,0.0,0.0,0.0,0,True
jev,trec,trec:test:182,repeat,0,1,flat,0.030303030303030314,0.0012121212121212126,0.030303030303030276,0,False
jev,trec,trec:test:182,repeat,0,1,marginal,0.012699999999999984,0.0005079999999999993,0.009400000000000006,0,False
jev,massive,massive:test:14461,repeat,0,1,coarse,0.08717171717171718,0.00968574635241302,0.08696969696969703,0,False
jev,massive,massive:test:14461,repeat,0,1,flat,0.02000000000000001,0.0006666666666666671,0.010000000000000009,0,False
jev,massive,massive:test:14461,repeat,0,1,marginal,0.08922020202020206,0.0029740067340067356,0.07109090909090904,0,False
jev,trec,trec:test:396,repeat,0,1,coarse,0.03000000000000002,0.010000000000000007,0.030000000000000027,0,False
jev,trec,trec:test:396,repeat,0,1,flat,0.05000000000000002,0.0020000000000000005,0.040000000000000036,0,False
jev,trec,trec:test:396,repeat,0,1,marginal,0.030000000000000027,0.001200000000000001,0.02180000000000004,0,False
jev,trec,trec:test:25,repeat,0,1,coarse,0.02000000000000001,0.0066666666666666706,0.020000000000000004,0,False
jev,trec,trec:test:25,repeat,0,1,flat,0.050000000000000024,0.002000000000000001,0.020000000000000018,0,False
jev,trec,trec:test:25,repeat,0,1,marginal,0.054400000000000004,0.002176,0.027499999999999997,0,False
jev,clinc,clinc:test:2077,repeat,0,1,coarse,0.00999999999999995,0.00199999999999999,0.01,0,False
jev,clinc,clinc:test:2077,repeat,0,1,flat,0.03999999999999997,0.0005333333333333329,0.039999999999999925,0,False
jev,clinc,clinc:test:2077,repeat,0,1,marginal,0.012099999999999951,0.0001613333333333327,0.009999999999999898,0,False
jev,clinc,clinc:test:552,repeat,0,1,coarse,0.0,0.0,0.0,0,True
jev,clinc,clinc:test:552,repeat,0,1,flat,0.15434343434343434,0.002057912457912458,0.15434343434343423,0,False
jev,clinc,clinc:test:552,repeat,0,1,marginal,0.07799696969696972,0.0010399595959595961,0.053200000000000025,0,False
jev,clinc,clinc:test:4394,repeat,0,1,coarse,0.05000000000000002,0.010000000000000004,0.050000000000000044,0,False
jev,clinc,clinc:test:4394,repeat,0,1,flat,0.020000000000000004,0.00026666666666666673,0.020000000000000018,0,False
jev,clinc,clinc:test:4394,repeat,0,1,marginal,0.06352929292929291,0.0008470572390572388,0.0529,0,False
jev,massive,massive:test:4831,repeat,0,1,coarse,0.0,0.0,0.0,0,True
jev,massive,massive:test:4831,repeat,0,1,flat,0.0,0.0,0.0,0,True
jev,massive,massive:test:4831,repeat,0,1,marginal,0.0,0.0,0.0,0,True
jev,trec,trec:test:315,repeat,0,1,coarse,0.020000000000000004,0.006666666666666668,0.020000000000000018,0,False
jev,trec,trec:test:315,repeat,0,1,flat,0.02161616161616162,0.0008646464646464648,0.011818181818181839,0,False
jev,trec,trec:test:315,repeat,0,1,marginal,0.02000000000000001,0.0008000000000000005,0.01880000000000004,0,False
jev,clinc,clinc:test:2840,repeat,0,1,coarse,0.020000000000000004,0.004000000000000001,0.010000000000000009,0,False
jev,clinc,clinc:test:2840,repeat,0,1,flat,0.0,0.0,0.0,0,True
jev,clinc,clinc:test:2840,repeat,0,1,marginal,0.05630000000000003,0.0007506666666666671,0.03439999999999997,0,False
jev,clinc,clinc:test:3267,repeat,0,1,coarse,0.031313131313131265,0.006262626262626253,0.020909090909090905,0,False
jev,clinc,clinc:test:3267,repeat,0,1,flat,0.0,0.0,0.0,0,True
jev,clinc,clinc:test:3267,repeat,0,1,marginal,0.03196767676767672,0.00042623569023568964,0.018472727272727266,0,False
jev,massive,massive:test:13819,repeat,0,1,coarse,0.01818181818181818,0.00202020202020202,0.018181818181818188,0,False
jev,massive,massive:test:13819,repeat,0,1,flat,0.009999999999999946,0.00033333333333333153,0.009999999999999995,0,False
jev,massive,massive:test:13819,repeat,0,1,marginal,0.018181818181818184,0.0006060606060606062,0.018181818181818188,0,False
jev,clinc,clinc:test:2150,repeat,0,1,coarse,0.0,0.0,0.0,0,True
jev,clinc,clinc:test:2150,repeat,0,1,flat,0.010000000000000004,0.0001333333333333334,0.010000000000000009,0,False
jev,clinc,clinc:test:2150,repeat,0,1,marginal,0.0,0.0,0.0,0,True
jev,trec,trec:test:480,repeat,0,1,coarse,0.0,0.0,0.0,0,True
jev,trec,trec:test:480,repeat,0,1,flat,0.06343434343434344,0.0025373737373737375,0.03727272727272729,0,False
jev,trec,trec:test:480,repeat,0,1,marginal,0.06889999999999998,0.002755999999999999,0.028200000000000003,0,False
jev,massive,massive:test:12839,repeat,0,1,coarse,0.0,0.0,0.0,0,True
jev,massive,massive:test:12839,repeat,0,1,flat,0.08000000000000003,0.0026666666666666674,0.08000000000000007,0,False
jev,massive,massive:test:12839,repeat,0,1,marginal,0.0584,0.0019466666666666666,0.05760000000000001,0,False
jev,trec,trec:test:36,repeat,0,1,coarse,0.01,0.0033333333333333335,0.01,0,False
jev,trec,trec:test:36,repeat,0,1,flat,0.020000000000000004,0.0008000000000000001,0.010000000000000009,0,False
jev,trec,trec:test:36,repeat,0,1,marginal,0.01,0.0004,0.006500000000000001,0,False
jev,clinc,clinc:test:989,repeat,0,1,coarse,0.09000000000000005,0.01800000000000001,0.09000000000000008,1,False
jev,clinc,clinc:test:989,repeat,0,1,flat,0.0,0.0,0.0,0,True
jev,clinc,clinc:test:989,repeat,0,1,marginal,0.09140000000000002,0.001218666666666667,0.09000000000000002,1,False
jev,massive,massive:test:3441,repeat,0,1,coarse,0.07000000000000003,0.007777777777777782,0.07,0,False
jev,massive,massive:test:3441,repeat,0,1,flat,0.0,0.0,0.0,0,True
jev,massive,massive:test:3441,repeat,0,1,marginal,0.07,0.0023333333333333335,0.07,0,False
jev,trec,trec:test:431,repeat,0,1,coarse,0.03000000000000001,0.010000000000000004,0.030000000000000006,0,False
jev,trec,trec:test:431,repeat,0,1,flat,0.060606060606060635,0.0024242424242424255,0.030303030303030387,1,False
jev,trec,trec:test:431,repeat,0,1,marginal,0.07200000000000001,0.00288,0.05820000000000003,1,False
jev,massive,massive:test:10263,repeat,0,1,coarse,0.010000000000000004,0.0011111111111111115,0.010000000000000009,0,False
jev,massive,massive:test:10263,repeat,0,1,flat,0.0,0.0,0.0,0,True
jev,massive,massive:test:10263,repeat,0,1,marginal,0.010000000000000002,0.0003333333333333334,0.010000000000000009,0,False
jev,clinc,clinc:test:4478,repeat,0,1,coarse,0.020000000000000018,0.0040000000000000036,0.020000000000000018,0,False
jev,clinc,clinc:test:4478,repeat,0,1,flat,0.0,0.0,0.0,0,True
jev,clinc,clinc:test:4478,repeat,0,1,marginal,0.020000000000000018,0.0002666666666666669,0.020000000000000018,0,False
jev,clinc,clinc:test:3676,repeat,0,1,coarse,0.0,0.0,0.0,0,True
jev,clinc,clinc:test:3676,repeat,0,1,flat,0.0,0.0,0.0,0,True
jev,clinc,clinc:test:3676,repeat,0,1,marginal,0.0,0.0,0.0,0,True
jev,clinc,clinc:test:1772,repeat,0,1,coarse,0.060000000000000026,0.012000000000000005,0.06000000000000005,0,False
jev,clinc,clinc:test:1772,repeat,0,1,flat,0.04282828282828284,0.0005710437710437712,0.0428282828282828,0,False
jev,clinc,clinc:test:1772,repeat,0,1,marginal,0.06200000000000005,0.0008266666666666673,0.06000000000000005,1,False
jev,massive,massive:test:1252,repeat,0,1,coarse,0.0,0.0,0.0,0,True
jev,massive,massive:test:1252,repeat,0,1,flat,0.0,0.0,0.0,0,True
jev,massive,massive:test:1252,repeat,0,1,marginal,0.0,0.0,0.0,0,True
jev,trec,trec:test:92,repeat,0,1,coarse,0.07,0.023333333333333334,0.07,0,False
jev,trec,trec:test:92,repeat,0,1,flat,0.02020202020202018,0.0008080808080808072,0.020202020202020204,0,False
jev,trec,trec:test:92,repeat,0,1,marginal,0.0808,0.003232,0.07,0,False
jev,trec,trec:test:161,repeat,0,1,coarse,0.009999999999999995,0.003333333333333332,0.010000000000000009,0,False
jev,trec,trec:test:161,repeat,0,1,flat,0.030000000000000013,0.0012000000000000005,0.030000000000000027,0,False
jev,trec,trec:test:161,repeat,0,1,marginal,0.013300000000000003,0.0005320000000000001,0.012999999999999984,0,False
jev,massive,massive:test:1413,repeat,0,1,coarse,0.04292929292929296,0.004769921436588107,0.02858585858585863,0,False
jev,massive,massive:test:1413,repeat,0,1,flat,0.02000000000000001,0.0006666666666666671,0.020000000000000018,0,False
jev,massive,massive:test:1413,repeat,0,1,marginal,0.048814141414141435,0.0016271380471380478,0.021424242424242457,0,False
jev,clinc,clinc:test:2406,repeat,0,1,coarse,0.0,0.0,0.0,0,True
jev,clinc,clinc:test:2406,repeat,0,1,flat,0.03939393939393941,0.0005252525252525255,0.039393939393939426,0,False
jev,clinc,clinc:test:2406,repeat,0,1,marginal,0.0,0.0,0.0,0,True
jev,massive,massive:test:15513,repeat,0,1,coarse,0.04000000000000001,0.004444444444444445,0.040000000000000036,0,False
jev,massive,massive:test:15513,repeat,0,1,flat,0.009999999999999946,0.00033333333333333153,0.009999999999999995,0,False
jev,massive,massive:test:15513,repeat,0,1,marginal,0.04420000000000001,0.0014733333333333337,0.040000000000000036,0,False
jev,trec,trec:test:438,repeat,0,1,coarse,0.010000000000000005,0.0033333333333333353,0.010000000000000009,0,False
jev,trec,trec:test:438,repeat,0,1,flat,0.040000000000000015,0.0016000000000000005,0.030000000000000027,0,False
jev,trec,trec:test:438,repeat,0,1,marginal,0.042100000000000005,0.0016840000000000002,0.0421,0,False
jev,trec,trec:test:194,repeat,0,1,coarse,0.010000000000000004,0.0033333333333333344,0.010000000000000009,0,False
jev,trec,trec:test:194,repeat,0,1,flat,0.009999999999999998,0.00039999999999999996,0.01,0,False
jev,trec,trec:test:194,repeat,0,1,marginal,0.010000000000000009,0.00040000000000000034,0.00990000000000002,0,False
jev,trec,trec:test:325,repeat,0,1,coarse,0.010000000000000005,0.0033333333333333353,0.010000000000000009,0,False
jev,trec,trec:test:325,repeat,0,1,flat,0.01979797979797982,0.0007919191919191929,0.011212121212121201,0,False
jev,trec,trec:test:325,repeat,0,1,marginal,0.00999999999999995,0.000399999999999998,0.009800000000000003,0,False
jev,clinc,clinc:test:2267,repeat,0,1,coarse,0.05000000000000004,0.010000000000000007,0.050000000000000044,0,False
jev,clinc,clinc:test:2267,repeat,0,1,flat,0.030000000000000006,0.0004000000000000001,0.02,0,False
jev,clinc,clinc:test:2267,repeat,0,1,marginal,0.09360000000000003,0.0012480000000000004,0.0731,1,False
jev,clinc,clinc:test:2915,repeat,0,1,coarse,0.0,0.0,0.0,0,True
jev,clinc,clinc:test:2915,repeat,0,1,flat,0.04999999999999996,0.0006666666666666661,0.04999999999999999,0,False
jev,clinc,clinc:test:2915,repeat,0,1,marginal,0.03999999999999995,0.0005333333333333327,0.03999999999999998,0,False
jev,massive,massive:test:14859,repeat,0,1,coarse,0.05000000000000002,0.0055555555555555575,0.050000000000000044,0,False
jev,massive,massive:test:14859,repeat,0,1,flat,0.0,0.0,0.0,0,True
jev,massive,massive:test:14859,repeat,0,1,marginal,0.050000000000000044,0.001666666666666668,0.0495000000000001,0,False
jev,clinc,clinc:test:987,repeat,0,1,coarse,0.05000000000000002,0.010000000000000004,0.030000000000000027,0,False
jev,clinc,clinc:test:987,repeat,0,1,flat,0.0,0.0,0.0,0,True
jev,clinc,clinc:test:987,repeat,0,1,marginal,0.06390000000000001,0.0008520000000000002,0.028500000000000025,0,False
jev,massive,massive:test:484,order,3,0,coarse,0.17000000000000004,0.018888888888888893,0.17000000000000004,1,False
jev,massive,massive:test:484,order,3,0,flat,0.060000000000000026,0.002000000000000001,0.06000000000000005,0,False
jev,massive,massive:test:484,order,3,0,marginal,0.17030000000000006,0.005676666666666668,0.14750000000000002,1,False
jev,clinc,clinc:test:522,order,3,0,coarse,0.060000000000000026,0.012000000000000005,0.060000000000000005,0,False
jev,clinc,clinc:test:522,order,3,0,flat,0.0,0.0,0.0,0,True
jev,clinc,clinc:test:522,order,3,0,marginal,0.09320000000000002,0.0012426666666666669,0.040000000000000036,0,False
jev,trec,trec:test:141,order,3,0,coarse,0.04999999999999997,0.016666666666666656,0.04999999999999993,0,False
jev,trec,trec:test:141,order,3,0,flat,0.3371717171717172,0.013486868686868688,0.32727272727272727,0,False
jev,trec,trec:test:141,order,3,0,marginal,0.21860000000000002,0.008744,0.16290000000000004,0,False
jev,trec,trec:test:138,order,3,0,coarse,0.09434343434343434,0.03144781144781145,0.09434343434343428,0,False
jev,trec,trec:test:138,order,3,0,flat,0.23666666666666672,0.009466666666666668,0.16414141414141414,0,False
jev,trec,trec:test:138,order,3,0,marginal,0.1365131313131313,0.005460525252525252,0.08958989898989897,1,False
jev,trec,trec:test:234,order,3,0,coarse,0.010000000000000005,0.0033333333333333353,0.010000000000000009,0,False
jev,trec,trec:test:234,order,3,0,flat,0.19,0.0076,0.15000000000000002,0,False
jev,trec,trec:test:234,order,3,0,marginal,0.0577666666666667,0.002310666666666668,0.04000000000000001,0,False
jev,massive,massive:test:4671,order,3,0,coarse,0.10000000000000005,0.011111111111111117,0.10000000000000009,0,False
jev,massive,massive:test:4671,order,3,0,flat,0.0,0.0,0.0,0,True
jev,massive,massive:test:4671,order,3,0,marginal,0.10000000000000003,0.0033333333333333344,0.10000000000000009,0,False
jev,massive,massive:test:11903,order,3,0,coarse,0.10000000000000009,0.01111111111111112,0.1,0,False
jev,massive,massive:test:11903,order,3,0,flat,0.020000000000000007,0.0006666666666666669,0.020000000000000018,0,False
jev,massive,massive:test:11903,order,3,0,marginal,0.14450000000000002,0.004816666666666667,0.1,0,False
jev,trec,trec:test:393,order,3,0,coarse,0.15999999999999998,0.05333333333333332,0.12,1,False
jev,trec,trec:test:393,order,3,0,flat,0.07,0.0028000000000000004,0.030000000000000002,0,False
jev,trec,trec:test:393,order,3,0,marginal,0.2592181818181818,0.010368727272727273,0.11059999999999998,0,False
jev,massive,massive:test:10226,order,3,0,coarse,0.010000000000000005,0.0011111111111111118,0.010000000000000009,0,False
jev,massive,massive:test:10226,order,3,0,flat,0.0,0.0,0.0,0,True
jev,massive,massive:test:10226,order,3,0,marginal,0.05580000000000004,0.0018600000000000012,0.05580000000000007,0,False
jev,trec,trec:test:39,order,3,0,coarse,0.049999999999999996,0.016666666666666666,0.04999999999999999,0,False
jev,trec,trec:test:39,order,3,0,flat,0.11959595959595962,0.004783838383838385,0.10949494949494953,0,False
jev,trec,trec:test:39,order,3,0,marginal,0.06150000000000003,0.0024600000000000012,0.04999999999999999,0,False
jev,massive,massive:test:15970,order,3,0,coarse,0.029999999999999954,0.0033333333333333283,0.03,0,False
jev,massive,massive:test:15970,order,3,0,flat,0.010000000000000002,0.0003333333333333334,0.010000000000000009,0,False
jev,massive,massive:test:15970,order,3,0,marginal,0.030500000000000003,0.0010166666666666668,0.0305,0,False
jev,clinc,clinc:test:246,order,3,0,coarse,0.0,0.0,0.0,0,True
jev,clinc,clinc:test:246,order,3,0,flat,0.0,0.0,0.0,0,True
jev,clinc,clinc:test:246,order,3,0,marginal,0.005100000000000001,6.800000000000001e-05,0.004800000000000002,0,False
jev,massive,massive:test:3852,order,3,0,coarse,0.0,0.0,0.0,0,True
jev,massive,massive:test:3852,order,3,0,flat,0.0,0.0,0.0,0,True
jev,massive,massive:test:3852,order,3,0,marginal,0.0,0.0,0.0,0,True
jev,massive,massive:test:13181,order,3,0,coarse,0.24,0.026666666666666665,0.11000000000000001,0,False
jev,massive,massive:test:13181,order,3,0,flat,0.4557575757575758,0.015191919191919194,0.3434343434343435,1,False
jev,massive,massive:test:13181,order,3,0,marginal,0.29309999999999997,0.00977,0.14150000000000001,0,False
jev,clinc,clinc:test:8,order,3,0,coarse,0.17999999999999994,0.03599999999999999,0.17999999999999994,0,False
jev,clinc,clinc:test:8,order,3,0,flat,0.030000000000000013,0.0004000000000000002,0.030000000000000027,0,False
jev,clinc,clinc:test:8,order,3,0,marginal,0.19980000000000003,0.0026640000000000006,0.18930000000000002,0,False
jev,massive,massive:test:3694,order,3,0,coarse,0.0,0.0,0.0,0,True
jev,massive,massive:test:3694,order,3,0,flat,0.0,0.0,0.0,0,True
jev,massive,massive:test:3694,order,3,0,marginal,0.0052,0.00017333333333333334,0.0052,0,False
jev,massive,massive:test:10731,order,3,0,coarse,0.0,0.0,0.0,0,True
jev,massive,massive:test:10731,order,3,0,flat,0.0,0.0,0.0,0,True
jev,massive,massive:test:10731,order,3,0,marginal,0.0002999999999999999,9.999999999999997e-06,0.0003,0,False
jev,trec,trec:test:337,order,3,0,coarse,0.0,0.0,0.0,0,True
jev,trec,trec:test:337,order,3,0,flat,0.47,0.018799999999999997,0.47,1,False
jev,trec,trec:test:337,order,3,0,marginal,0.046499999999999986,0.0018599999999999995,0.019799999999999998,0,False
jev,massive,massive:test:1516,order,3,0,coarse,0.02000000000000001,0.0022222222222222235,0.020000000000000018,0,False
jev,massive,massive:test:1516,order,3,0,flat,0.010000000000000005,0.00033333333333333354,0.010000000000000009,0,False
jev,massive,massive:test:1516,order,3,0,marginal,0.22870000000000001,0.0076233333333333335,0.22870000000000001,0,False
jev,trec,trec:test:477,order,3,0,coarse,0.21323232323232325,0.07107744107744109,0.21323232323232322,0,False
jev,trec,trec:test:477,order,3,0,flat,0.08161616161616157,0.0032646464646464628,0.07212121212121203,0,False
jev,trec,trec:test:477,order,3,0,marginal,0.21323232323232322,0.008529292929292928,0.2089676767676767,0,False
jev,massive,massive:test:17015,order,3,0,coarse,0.1458585858585859,0.01620650953984288,0.13565656565656575,1,False
jev,massive,massive:test:17015,order,3,0,flat,0.15151515151515146,0.005050505050505049,0.12121212121212116,1,False
jev,massive,massive:test:17015,order,3,0,marginal,0.15271212121212124,0.005090404040404042,0.1008212121212122,1,False
jev,clinc,clinc:test:4229,order,3,0,coarse,0.0,0.0,0.0,0,True
jev,clinc,clinc:test:4229,order,3,0,flat,0.0,0.0,0.0,0,True
jev,clinc,clinc:test:4229,order,3,0,marginal,0.0008000000000000012,1.0666666666666683e-05,0.0007999999999999998,0,False
jev,massive,massive:test:15402,order,3,0,coarse,0.14,0.015555555555555557,0.13999999999999999,0,False
jev,massive,massive:test:15402,order,3,0,flat,0.0,0.0,0.0,0,True
jev,massive,massive:test:15402,order,3,0,marginal,0.1487,0.0049566666666666665,0.13,0,False
jev,trec,trec:test:479,order,3,0,coarse,0.05,0.016666666666666666,0.03999999999999998,0,False
jev,trec,trec:test:479,order,3,0,flat,0.010000000000000005,0.00040000000000000024,0.010000000000000009,0,False
jev,trec,trec:test:479,order,3,0,marginal,0.10709999999999997,0.004283999999999999,0.059399999999999994,0,False
jev,trec,trec:test:339,order,3,0,coarse,0.10999999999999997,0.03666666666666666,0.10999999999999999,1,False
jev,trec,trec:test:339,order,3,0,flat,0.04040404040404039,0.0016161616161616155,0.020202020202020204,0,False
jev,trec,trec:test:339,order,3,0,marginal,0.12925454545454543,0.005170181818181817,0.08679999999999999,0,False
jev,massive,massive:test:10636,order,3,0,coarse,0.05999999999999996,0.006666666666666663,0.05999999999999994,0,False
jev,massive,massive:test:10636,order,3,0,flat,0.01,0.0003333333333333333,0.01,0,False
jev,massive,massive:test:10636,order,3,0,marginal,0.13119999999999998,0.004373333333333332,0.13119999999999998,0,False
jev,clinc,clinc:test:1253,order,3,0,coarse,0.04000000000000002,0.008000000000000004,0.040000000000000036,0,False
jev,clinc,clinc:test:1253,order,3,0,flat,0.07212121212121209,0.0009616161616161612,0.07212121212121203,0,False
jev,clinc,clinc:test:1253,order,3,0,marginal,0.07769999999999999,0.0010359999999999998,0.0655,0,False
jev,clinc,clinc:test:2397,order,3,0,coarse,0.02999999999999996,0.005999999999999992,0.030000000000000006,0,False
jev,clinc,clinc:test:2397,order,3,0,flat,0.0,0.0,0.0,0,True
jev,clinc,clinc:test:2397,order,3,0,marginal,0.042234343434343395,0.0005631245791245786,0.035046464646464645,0,False
jev,trec,trec:test:69,order,3,0,coarse,0.020000000000000014,0.006666666666666671,0.020000000000000018,0,False
jev,trec,trec:test:69,order,3,0,flat,0.22000000000000003,0.0088,0.16,0,False
jev,trec,trec:test:69,order,3,0,marginal,0.02690000000000001,0.0010760000000000004,0.020000000000000018,0,False
jev,clinc,clinc:test:1469,order,3,0,coarse,0.43999999999999995,0.088,0.3799999999999999,1,False
jev,clinc,clinc:test:1469,order,3,0,flat,0.030000000000000006,0.0004000000000000001,0.03,0,False
jev,clinc,clinc:test:1469,order,3,0,marginal,0.5022,0.006696,0.37320000000000003,1,False
jev,trec,trec:test:403,order,3,0,coarse,0.010000000000000005,0.0033333333333333353,0.010000000000000009,0,False
jev,trec,trec:test:403,order,3,0,flat,0.08999999999999997,0.0035999999999999986,0.07999999999999996,0,False
jev,trec,trec:test:403,order,3,0,marginal,0.2662,0.010648,0.2636,0,False
jev,clinc,clinc:test:4265,order,3,0,coarse,0.0,0.0,0.0,0,True
jev,clinc,clinc:test:4265,order,3,0,flat,0.0,0.0,0.0,0,True
jev,clinc,clinc:test:4265,order,3,0,marginal,0.0,0.0,0.0,0,True
jev,clinc,clinc:test:4430,order,3,0,coarse,0.06999999999999997,0.013999999999999993,0.06999999999999995,0,False
jev,clinc,clinc:test:4430,order,3,0,flat,0.05999999999999996,0.0007999999999999995,0.05999999999999999,0,False
jev,clinc,clinc:test:4430,order,3,0,marginal,0.07079999999999997,0.0009439999999999996,0.06999999999999995,0,False
jev,trec,trec:test:383,order,3,0,coarse,0.14,0.04666666666666667,0.14,0,False
jev,trec,trec:test:383,order,3,0,flat,0.20494949494949494,0.008197979797979798,0.14494949494949494,0,False
jev,trec,trec:test:383,order,3,0,marginal,0.23322424242424242,0.009328969696969697,0.18280000000000002,0,False
jev,massive,massive:test:6860,order,3,0,coarse,0.030000000000000013,0.003333333333333335,0.020000000000000018,0,False
jev,massive,massive:test:6860,order,3,0,flat,0.12,0.004,0.12,0,False
jev,massive,massive:test:6860,order,3,0,marginal,0.03910000000000001,0.0013033333333333336,0.020000000000000018,0,False
jev,clinc,clinc:test:3349,order,3,0,coarse,0.1,0.02,0.09000000000000002,0,False
jev,clinc,clinc:test:3349,order,3,0,flat,0.019999999999999955,0.0002666666666666661,0.020000000000000004,0,False
jev,clinc,clinc:test:3349,order,3,0,marginal,0.10720000000000002,0.0014293333333333337,0.037099999999999994,0,False
jev,clinc,clinc:test:1465,order,3,0,coarse,0.13999999999999999,0.027999999999999997,0.10999999999999999,0,False
jev,clinc,clinc:test:1465,order,3,0,flat,0.02000000000000001,0.0002666666666666668,0.020000000000000018,0,False
jev,clinc,clinc:test:1465,order,3,0,marginal,0.2381191919191919,0.0031749225589225586,0.06709999999999997,0,False
jev,massive,massive:test:2957,order,3,0,coarse,0.03000000000000001,0.0033333333333333344,0.020000000000000018,0,False
jev,massive,massive:test:2957,order,3,0,flat,0.0393939393939394,0.0013131313131313133,0.039393939393939426,0,False
jev,massive,massive:test:2957,order,3,0,marginal,0.030000000000000034,0.001000000000000001,0.019600000000000062,0,False
jev,trec,trec:test:282,order,3,0,coarse,0.010000000000000005,0.0033333333333333353,0.010000000000000009,0,False
jev,trec,trec:test:282,order,3,0,flat,0.29000000000000004,0.011600000000000001,0.29,1,False
jev,trec,trec:test:282,order,3,0,marginal,0.12770000000000004,0.005108000000000001,0.12770000000000004,0,False
jev,massive,massive:test:3222,order,3,0,coarse,0.16999999999999996,0.018888888888888886,0.15999999999999998,0,False
jev,massive,massive:test:3222,order,3,0,flat,0.03,0.001,0.03,0,False
jev,massive,massive:test:3222,order,3,0,marginal,0.18819999999999995,0.006273333333333331,0.17179999999999995,0,False
jev,clinc,clinc:test:876,order,3,0,coarse,0.030000000000000013,0.006000000000000003,0.030000000000000027,0,False
jev,clinc,clinc:test:876,order,3,0,flat,0.02000000000000001,0.0002666666666666668,0.020000000000000018,0,False
jev,clinc,clinc:test:876,order,3,0,marginal,0.2216686868686869,0.002955582491582492,0.18906868686868694,0,False
jev,clinc,clinc:test:2540,order,3,0,coarse,0.02000000000000001,0.004000000000000002,0.020000000000000018,0,False
jev,clinc,clinc:test:2540,order,3,0,flat,0.030000000000000013,0.0004000000000000002,0.030000000000000027,0,False
jev,clinc,clinc:test:2540,order,3,0,marginal,0.020000000000000018,0.0002666666666666669,0.0102,0,False
jev,massive,massive:test:4166,order,3,0,coarse,0.02000000000000001,0.0022222222222222235,0.020000000000000018,0,False
jev,massive,massive:test:4166,order,3,0,flat,0.010000000000000005,0.00033333333333333354,0.010000000000000009,0,False
jev,massive,massive:test:4166,order,3,0,marginal,0.028200000000000006,0.0009400000000000002,0.028200000000000003,0,False
jev,clinc,clinc:test:2933,order,3,0,coarse,0.15999999999999998,0.031999999999999994,0.14,0,False
jev,clinc,clinc:test:2933,order,3,0,flat,0.0,0.0,0.0,0,True
jev,clinc,clinc:test:2933,order,3,0,marginal,0.17299999999999996,0.002306666666666666,0.08529999999999993,0,False
jev,trec,trec:test:390,order,3,0,coarse,0.030000000000000006,0.010000000000000002,0.03,0,False
jev,trec,trec:test:390,order,3,0,flat,0.05000000000000002,0.0020000000000000005,0.020000000000000018,0,False
jev,trec,trec:test:390,order,3,0,marginal,0.2247,0.008988000000000001,0.17610000000000003,0,False
jev,trec,trec:test:334,order,3,0,coarse,0.15000000000000002,0.05000000000000001,0.15000000000000002,0,False
jev,trec,trec:test:334,order,3,0,flat,0.15,0.006,0.13,0,False
jev,trec,trec:test:334,order,3,0,marginal,0.1544,0.006176,0.15000000000000002,0,False
jev,massive,massive:test:4567,order,3,0,coarse,0.0,0.0,0.0,0,True
jev,massive,massive:test:4567,order,3,0,flat,0.0,0.0,0.0,0,True
jev,massive,massive:test:4567,order,3,0,marginal,0.0003999999999999997,1.3333333333333323e-05,0.0003999999999999993,0,False
jev,trec,trec:test:300,order,3,0,coarse,0.030000000000000016,0.010000000000000005,0.030000000000000027,0,False
jev,trec,trec:test:300,order,3,0,flat,0.3,0.012,0.3,1,False
jev,trec,trec:test:300,order,3,0,marginal,0.13335252525252525,0.00533410101010101,0.13229999999999997,0,False
jev,massive,massive:test:1180,order,3,0,coarse,0.010000000000000005,0.0011111111111111118,0.010000000000000009,0,False
jev,massive,massive:test:1180,order,3,0,flat,0.0,0.0,0.0,0,True
jev,massive,massive:test:1180,order,3,0,marginal,0.012600000000000004,0.0004200000000000001,0.010000000000000009,0,False
jev,massive,massive:test:14648,order,3,0,coarse,0.0,0.0,0.0,0,True
jev,massive,massive:test:14648,order,3,0,flat,0.0,0.0,0.0,0,True
jev,massive,massive:test:14648,order,3,0,marginal,0.3388,0.011293333333333332,0.3366,1,False
jev,clinc,clinc:test:2794,order,3,0,coarse,0.030000000000000016,0.006000000000000004,0.030000000000000027,0,False
jev,clinc,clinc:test:2794,order,3,0,flat,0.0,0.0,0.0,0,True
jev,clinc,clinc:test:2794,order,3,0,marginal,0.030000000000000013,0.0004000000000000002,0.02190000000000003,0,False
jev,trec,trec:test:250,order,3,0,coarse,0.11,0.03666666666666667,0.10999999999999999,0,False
jev,trec,trec:test:250,order,3,0,flat,0.12999999999999998,0.005199999999999999,0.11,0,False
jev,trec,trec:test:250,order,3,0,marginal,0.2106,0.008424000000000001,0.127,1,False
jev,trec,trec:test:459,order,3,0,coarse,0.19999999999999998,0.06666666666666667,0.19999999999999996,0,False
jev,trec,trec:test:459,order,3,0,flat,0.14,0.005600000000000001,0.12000000000000005,1,False
jev,trec,trec:test:459,order,3,0,marginal,0.23000909090909094,0.009200363636363638,0.21083333333333332,0,False
jev,clinc,clinc:test:895,order,3,0,coarse,0.22000000000000003,0.044000000000000004,0.15000000000000002,0,False
jev,clinc,clinc:test:895,order,3,0,flat,0.48858585858585857,0.006514478114478114,0.46858585858585855,1,False
jev,clinc,clinc:test:895,order,3,0,marginal,0.26452121212121216,0.0035269494949494956,0.12840000000000001,1,False
jev,trec,trec:test:182,order,3,0,coarse,0.02000000000000001,0.0066666666666666706,0.020000000000000018,0,False
jev,trec,trec:test:182,order,3,0,flat,0.12292929292929289,0.004917171717171716,0.07333333333333325,0,False
jev,trec,trec:test:182,order,3,0,marginal,0.04170000000000001,0.0016680000000000002,0.038000000000000034,0,False
jev,massive,massive:test:14461,order,3,0,coarse,0.03,0.003333333333333333,0.030000000000000027,0,False
jev,massive,massive:test:14461,order,3,0,flat,0.06131313131313131,0.002043771043771044,0.04171717171717171,0,False
jev,massive,massive:test:14461,order,3,0,marginal,0.03470000000000004,0.001156666666666668,0.028200000000000114,0,False
jev,trec,trec:test:396,order,3,0,coarse,0.03,0.01,0.030000000000000002,0,False
jev,trec,trec:test:396,order,3,0,flat,0.02969696969696976,0.0011878787878787905,0.020202020202020204,0,False
jev,trec,trec:test:396,order,3,0,marginal,0.04940000000000003,0.001976000000000001,0.022800000000000015,0,False
jev,trec,trec:test:25,order,3,0,coarse,0.08000000000000002,0.026666666666666672,0.08000000000000002,1,False
jev,trec,trec:test:25,order,3,0,flat,0.30898989898989904,0.012359595959595961,0.28909090909090907,0,False
jev,trec,trec:test:25,order,3,0,marginal,0.20190000000000002,0.008076000000000002,0.1184,0,False
jev,clinc,clinc:test:2077,order,3,0,coarse,0.03000000000000001,0.006000000000000002,0.020000000000000018,0,False
jev,clinc,clinc:test:2077,order,3,0,flat,0.10909090909090907,0.0014545454545454542,0.0991919191919192,0,False
jev,clinc,clinc:test:2077,order,3,0,marginal,0.042401010101010106,0.0005653468013468014,0.029100000000000015,0,False
jev,clinc,clinc:test:552,order,3,0,coarse,0.13,0.026000000000000002,0.13,0,False
jev,clinc,clinc:test:552,order,3,0,flat,0.20717171717171717,0.0027622895622895624,0.20717171717171712,1,False
jev,clinc,clinc:test:552,order,3,0,marginal,0.3871,0.005161333333333334,0.25620000000000004,1,False
jev,clinc,clinc:test:4394,order,3,0,coarse,0.23000000000000004,0.046000000000000006,0.23000000000000004,0,False
jev,clinc,clinc:test:4394,order,3,0,flat,0.12,0.0015999999999999999,0.12,0,False
jev,clinc,clinc:test:4394,order,3,0,marginal,0.24720000000000003,0.0032960000000000003,0.19360000000000005,0,False
jev,massive,massive:test:4831,order,3,0,coarse,0.010000000000000005,0.0011111111111111118,0.010000000000000009,0,False
jev,massive,massive:test:4831,order,3,0,flat,0.0,0.0,0.0,0,True
jev,massive,massive:test:4831,order,3,0,marginal,0.010000000000000005,0.00033333333333333354,0.010000000000000009,0,False
jev,trec,trec:test:315,order,3,0,coarse,0.060000000000000026,0.020000000000000007,0.06000000000000005,0,False
jev,trec,trec:test:315,order,3,0,flat,0.11000000000000004,0.004400000000000002,0.07000000000000006,0,False
jev,trec,trec:test:315,order,3,0,marginal,0.0907919191919192,0.003631676767676768,0.05349494949494947,0,False
jev,clinc,clinc:test:2840,order,3,0,coarse,0.42999999999999994,0.086,0.33999999999999997,1,False
jev,clinc,clinc:test:2840,order,3,0,flat,0.14,0.0018666666666666669,0.14,0,False
jev,clinc,clinc:test:2840,order,3,0,marginal,0.43660000000000004,0.005821333333333334,0.1674,0,False
jev,clinc,clinc:test:3267,order,3,0,coarse,0.5353535353535355,0.1070707070707071,0.5353535353535354,1,False
jev,clinc,clinc:test:3267,order,3,0,flat,0.0,0.0,0.0,0,True
jev,clinc,clinc:test:3267,order,3,0,marginal,0.5371931435567799,0.0071625752474237326,0.5353535353535354,1,False
jev,massive,massive:test:13819,order,3,0,coarse,0.05999999999999998,0.0066666666666666645,0.05999999999999994,0,False
jev,massive,massive:test:13819,order,3,0,flat,5.551115123125783e-17,1.8503717077085942e-18,1.1102230246251565e-16,0,False
jev,massive,massive:test:13819,order,3,0,marginal,0.06199999999999998,0.002066666666666666,0.05999999999999994,0,False
jev,clinc,clinc:test:2150,order,3,0,coarse,0.0,0.0,0.0,0,True
jev,clinc,clinc:test:2150,order,3,0,flat,0.0,0.0,0.0,0,True
jev,clinc,clinc:test:2150,order,3,0,marginal,0.0,0.0,0.0,0,True
jev,trec,trec:test:480,order,3,0,coarse,0.010000000000000002,0.003333333333333334,0.010000000000000002,0,False
jev,trec,trec:test:480,order,3,0,flat,0.27272727272727276,0.01090909090909091,0.1616161616161616,1,False
jev,trec,trec:test:480,order,3,0,marginal,0.36929999999999996,0.014771999999999999,0.3196,1,False
jev,massive,massive:test:12839,order,3,0,coarse,0.010000000000000005,0.0011111111111111118,0.010000000000000009,0,False
jev,massive,massive:test:12839,order,3,0,flat,0.25,0.008333333333333333,0.24999999999999997,0,False
jev,massive,massive:test:12839,order,3,0,marginal,0.02880000000000004,0.0009600000000000013,0.027700000000000058,0,False
jev,trec,trec:test:36,order,3,0,coarse,0.04999999999999997,0.016666666666666656,0.05,0,False
jev,trec,trec:test:36,order,3,0,flat,0.13999999999999999,0.005599999999999999,0.10999999999999999,0,False
jev,trec,trec:test:36,order,3,0,marginal,0.05679999999999999,0.0022719999999999997,0.05679999999999996,0,False
jev,clinc,clinc:test:989,order,3,0,coarse,0.4,0.08,0.4,1,False
jev,clinc,clinc:test:989,order,3,0,flat,0.0,0.0,0.0,0,True
jev,clinc,clinc:test:989,order,3,0,marginal,0.40060000000000007,0.005341333333333334,0.3712,1,False
jev,massive,massive:test:3441,order,3,0,coarse,0.05000000000000001,0.005555555555555557,0.04999999999999999,0,False
jev,massive,massive:test:3441,order,3,0,flat,0.41000000000000003,0.013666666666666667,0.41000000000000003,0,False
jev,massive,massive:test:3441,order,3,0,marginal,0.07340000000000002,0.0024466666666666673,0.05340000000000006,0,False
jev,trec,trec:test:431,order,3,0,coarse,0.060000000000000026,0.020000000000000007,0.06000000000000005,0,False
jev,trec,trec:test:431,order,3,0,flat,0.24242424242424246,0.009696969696969699,0.20202020202020204,1,False
jev,trec,trec:test:431,order,3,0,marginal,0.1601,0.006404,0.10409999999999997,1,False
jev,massive,massive:test:10263,order,3,0,coarse,0.010000000000000004,0.0011111111111111115,0.010000000000000009,0,False
jev,massive,massive:test:10263,order,3,0,flat,0.0,0.0,0.0,0,True
jev,massive,massive:test:10263,order,3,0,marginal,0.010700000000000003,0.00035666666666666675,0.010000000000000009,0,False
jev,clinc,clinc:test:4478,order,3,0,coarse,0.040000000000000015,0.008000000000000004,0.040000000000000036,0,False
jev,clinc,clinc:test:4478,order,3,0,flat,0.0,0.0,0.0,0,True
jev,clinc,clinc:test:4478,order,3,0,marginal,0.05870000000000001,0.0007826666666666668,0.049999999999999996,0,False
jev,clinc,clinc:test:3676,order,3,0,coarse,0.0,0.0,0.0,0,True
jev,clinc,clinc:test:3676,order,3,0,flat,0.0,0.0,0.0,0,True
jev,clinc,clinc:test:3676,order,3,0,marginal,0.0,0.0,0.0,0,True
jev,clinc,clinc:test:1772,order,3,0,coarse,0.27,0.054000000000000006,0.27,1,False
jev,clinc,clinc:test:1772,order,3,0,flat,0.16929292929292933,0.0022572390572390575,0.1692929292929293,0,False
jev,clinc,clinc:test:1772,order,3,0,marginal,0.2931,0.003908,0.2808,1,False
jev,massive,massive:test:1252,order,3,0,coarse,0.05999999999999997,0.006666666666666664,0.05999999999999994,0,False
jev,massive,massive:test:1252,order,3,0,flat,0.0,0.0,0.0,0,True
jev,massive,massive:test:1252,order,3,0,marginal,0.05999999999999996,0.0019999999999999987,0.05009999999999992,0,False
jev,trec,trec:test:92,order,3,0,coarse,0.17000000000000004,0.05666666666666668,0.17000000000000004,0,False
jev,trec,trec:test:92,order,3,0,flat,0.03030303030303033,0.0012121212121212132,0.0202020202020202,0,False
jev,trec,trec:test:92,order,3,0,marginal,0.1814,0.007256,0.17000000000000004,0,False
jev,trec,trec:test:161,order,3,0,coarse,0.009999999999999995,0.003333333333333332,0.010000000000000009,0,False
jev,trec,trec:test:161,order,3,0,flat,0.10999999999999997,0.0043999999999999985,0.08999999999999997,0,False
jev,trec,trec:test:161,order,3,0,marginal,0.015900000000000004,0.0006360000000000002,0.009800000000000031,0,False
jev,massive,massive:test:1413,order,3,0,coarse,0.32000000000000006,0.03555555555555556,0.2800000000000001,1,False
jev,massive,massive:test:1413,order,3,0,flat,0.14,0.004666666666666667,0.12,0,False
jev,massive,massive:test:1413,order,3,0,marginal,0.3215,0.010716666666666668,0.21280000000000004,1,False
jev,clinc,clinc:test:2406,order,3,0,coarse,0.010000000000000005,0.002000000000000001,0.010000000000000009,0,False
jev,clinc,clinc:test:2406,order,3,0,flat,0.04949494949494949,0.0006599326599326599,0.04949494949494948,0,False
jev,clinc,clinc:test:2406,order,3,0,marginal,0.010099999999999994,0.0001346666666666666,0.01,0,False
jev,massive,massive:test:15513,order,3,0,coarse,0.25,0.027777777777777776,0.24,1,False
jev,massive,massive:test:15513,order,3,0,flat,0.12181818181818177,0.004060606060606059,0.12181818181818171,0,False
jev,massive,massive:test:15513,order,3,0,marginal,0.2524,0.008413333333333333,0.24,1,False
jev,trec,trec:test:438,order,3,0,coarse,0.010000000000000005,0.0033333333333333353,0.010000000000000009,0,False
jev,trec,trec:test:438,order,3,0,flat,0.41000000000000003,0.0164,0.4,1,False
jev,trec,trec:test:438,order,3,0,marginal,0.39360000000000006,0.015744,0.3936,1,False
jev,trec,trec:test:194,order,3,0,coarse,0.039999999999999966,0.013333333333333322,0.04000000000000001,0,False
jev,trec,trec:test:194,order,3,0,flat,0.010000000000000004,0.00040000000000000013,0.010000000000000009,0,False
jev,trec,trec:test:194,order,3,0,marginal,0.03999999999999993,0.0015999999999999973,0.03959999999999986,0,False
jev,trec,trec:test:325,order,3,0,coarse,0.02000000000000001,0.0066666666666666706,0.020000000000000018,0,False
jev,trec,trec:test:325,order,3,0,flat,0.35999999999999993,0.014399999999999998,0.3499999999999999,0,False
jev,trec,trec:test:325,order,3,0,marginal,0.03140000000000003,0.0012560000000000013,0.031400000000000095,0,False
jev,clinc,clinc:test:2267,order,3,0,coarse,0.27,0.054000000000000006,0.26999999999999996,1,False
jev,clinc,clinc:test:2267,order,3,0,flat,0.1491919191919192,0.0019892255892255896,0.08959595959595959,0,False
jev,clinc,clinc:test:2267,order,3,0,marginal,0.2786,0.003714666666666667,0.24724848484848483,1,False
jev,clinc,clinc:test:2915,order,3,0,coarse,0.0,0.0,0.0,0,True
jev,clinc,clinc:test:2915,order,3,0,flat,0.48,0.0063999999999999994,0.48,1,False
jev,clinc,clinc:test:2915,order,3,0,marginal,0.14,0.0018666666666666669,0.14000000000000007,1,False
jev,massive,massive:test:14859,order,3,0,coarse,0.19000000000000003,0.021111111111111115,0.19000000000000006,0,False
jev,massive,massive:test:14859,order,3,0,flat,0.010000000000000005,0.00033333333333333354,0.010000000000000009,0,False
jev,massive,massive:test:14859,order,3,0,marginal,0.19,0.006333333333333333,0.18200000000000005,0,False
jev,clinc,clinc:test:987,order,3,0,coarse,0.32,0.064,0.30000000000000004,1,False
jev,clinc,clinc:test:987,order,3,0,flat,0.020000000000000004,0.00026666666666666673,0.019999999999999997,0,False
jev,clinc,clinc:test:987,order,3,0,marginal,0.3237121212121212,0.0043161616161616154,0.2988,0,False
jev,massive,massive:test:484,order,2,0,coarse,0.030000000000000016,0.0033333333333333353,0.030000000000000027,0,False
jev,massive,massive:test:484,order,2,0,flat,0.04000000000000002,0.0013333333333333342,0.04000000000000001,0,False
jev,massive,massive:test:484,order,2,0,marginal,0.03520000000000004,0.0011733333333333346,0.030000000000000027,0,False
jev,clinc,clinc:test:522,order,2,0,coarse,0.06,0.012,0.060000000000000005,0,False
jev,clinc,clinc:test:522,order,2,0,flat,0.0,0.0,0.0,0,True
jev,clinc,clinc:test:522,order,2,0,marginal,0.06502424242424243,0.0008669898989898991,0.030000000000000027,0,False
jev,trec,trec:test:141,order,2,0,coarse,0.05999999999999997,0.01999999999999999,0.06,0,False
jev,trec,trec:test:141,order,2,0,flat,0.2771717171717172,0.011086868686868687,0.2572727272727273,0,False
jev,trec,trec:test:141,order,2,0,marginal,0.15810000000000002,0.006324000000000001,0.1026,0,False
jev,trec,trec:test:138,order,2,0,coarse,0.12,0.04,0.12,0,False
jev,trec,trec:test:138,order,2,0,flat,0.21000000000000002,0.008400000000000001,0.09000000000000002,0,False
jev,trec,trec:test:138,order,2,0,marginal,0.24427272727272725,0.00977090909090909,0.20279999999999998,1,False
jev,trec,trec:test:234,order,2,0,coarse,0.030000000000000023,0.010000000000000007,0.030000000000000027,0,False
jev,trec,trec:test:234,order,2,0,flat,0.16,0.0064,0.07000000000000002,0,False
jev,trec,trec:test:234,order,2,0,marginal,0.1086,0.004344,0.0954000000000001,1,False
jev,massive,massive:test:4671,order,2,0,coarse,0.08000000000000004,0.008888888888888894,0.08000000000000007,0,False
jev,massive,massive:test:4671,order,2,0,flat,0.0,0.0,0.0,0,True
jev,massive,massive:test:4671,order,2,0,marginal,0.08270000000000002,0.0027566666666666672,0.08000000000000007,0,False
jev,massive,massive:test:11903,order,2,0,coarse,0.07000000000000003,0.007777777777777782,0.07000000000000003,0,False
jev,massive,massive:test:11903,order,2,0,flat,0.009999999999999998,0.00033333333333333327,0.01,0,False
jev,massive,massive:test:11903,order,2,0,marginal,0.11539999999999997,0.0038466666666666658,0.0842,1,False
jev,trec,trec:test:393,order,2,0,coarse,0.19999999999999996,0.06666666666666665,0.18999999999999995,1,False
jev,trec,trec:test:393,order,2,0,flat,0.16,0.0064,0.12,0,False
jev,trec,trec:test:393,order,2,0,marginal,0.21210909090909086,0.008484363636363634,0.18899999999999995,0,False
jev,massive,massive:test:10226,order,2,0,coarse,0.0,0.0,0.0,0,True
jev,massive,massive:test:10226,order,2,0,flat,0.0,0.0,0.0,0,True
jev,massive,massive:test:10226,order,2,0,marginal,0.15000000000000002,0.005000000000000001,0.15000000000000002,0,False
jev,trec,trec:test:39,order,2,0,coarse,0.050000000000000024,0.016666666666666673,0.050000000000000044,0,False
jev,trec,trec:test:39,order,2,0,flat,0.1297979797979798,0.005191919191919192,0.10949494949494953,0,False
jev,trec,trec:test:39,order,2,0,marginal,0.059100000000000055,0.0023640000000000024,0.05750000000000011,0,False
jev,massive,massive:test:15970,order,2,0,coarse,0.019999999999999952,0.002222222222222217,0.020000000000000004,0,False
jev,massive,massive:test:15970,order,2,0,flat,0.030000000000000013,0.0010000000000000005,0.030000000000000027,0,False
jev,massive,massive:test:15970,order,2,0,marginal,0.057800000000000004,0.0019266666666666668,0.0473,0,False
jev,clinc,clinc:test:246,order,2,0,coarse,0.010000000000000004,0.002000000000000001,0.010000000000000009,0,False
jev,clinc,clinc:test:246,order,2,0,flat,0.0,0.0,0.0,0,True
jev,clinc,clinc:test:246,order,2,0,marginal,0.010400000000000003,0.0001386666666666667,0.010000000000000009,0,False
jev,massive,massive:test:3852,order,2,0,coarse,0.0,0.0,0.0,0,True
jev,massive,massive:test:3852,order,2,0,flat,0.0,0.0,0.0,0,True
jev,massive,massive:test:3852,order,2,0,marginal,0.0002999999999999999,9.999999999999997e-06,0.0003,0,False
jev,massive,massive:test:13181,order,2,0,coarse,0.24,0.026666666666666665,0.14,0,False
jev,massive,massive:test:13181,order,2,0,flat,0.47545454545454546,0.015848484848484848,0.31313131313131315,1,False
jev,massive,massive:test:13181,order,2,0,marginal,0.31939999999999996,0.010646666666666665,0.14579999999999996,1,False
jev,clinc,clinc:test:8,order,2,0,coarse,0.19,0.038,0.16000000000000003,0,False
jev,clinc,clinc:test:8,order,2,0,flat,0.030000000000000013,0.0004000000000000002,0.030000000000000027,0,False
jev,clinc,clinc:test:8,order,2,0,marginal,0.22210000000000005,0.002961333333333334,0.18490000000000006,0,False
jev,massive,massive:test:3694,order,2,0,coarse,0.0,0.0,0.0,0,True
jev,massive,massive:test:3694,order,2,0,flat,0.010000000000000005,0.00033333333333333354,0.010000000000000009,0,False
jev,massive,massive:test:3694,order,2,0,marginal,0.004399999999999999,0.00014666666666666664,0.004399999999999999,0,False
jev,massive,massive:test:10731,order,2,0,coarse,0.01,0.0011111111111111111,0.01,0,False
jev,massive,massive:test:10731,order,2,0,flat,0.0,0.0,0.0,0,True
jev,massive,massive:test:10731,order,2,0,marginal,0.01,0.0003333333333333333,0.0092,0,False
jev,trec,trec:test:337,order,2,0,coarse,0.050000000000000024,0.016666666666666673,0.050000000000000044,0,False
jev,trec,trec:test:337,order,2,0,flat,0.3,0.012,0.26,1,False
jev,trec,trec:test:337,order,2,0,marginal,0.15139999999999998,0.006055999999999999,0.13309999999999997,0,False
jev,massive,massive:test:1516,order,2,0,coarse,0.030000000000000013,0.003333333333333335,0.030000000000000027,0,False
jev,massive,massive:test:1516,order,2,0,flat,0.010000000000000005,0.00033333333333333354,0.010000000000000009,0,False
jev,massive,massive:test:1516,order,2,0,marginal,0.030000000000000013,0.0010000000000000005,0.018000000000000016,0,False
jev,trec,trec:test:477,order,2,0,coarse,0.030505050505050493,0.010168350168350165,0.03050505050505051,0,False
jev,trec,trec:test:477,order,2,0,flat,0.04000000000000002,0.001600000000000001,0.030000000000000027,0,False
jev,trec,trec:test:477,order,2,0,marginal,0.04884646464646464,0.0019538585858585853,0.03518181818181815,0,False
jev,massive,massive:test:17015,order,2,0,coarse,0.2,0.022222222222222223,0.19,1,False
jev,massive,massive:test:17015,order,2,0,flat,0.10484848484848486,0.0034949494949494953,0.0411111111111111,0,False
jev,massive,massive:test:17015,order,2,0,marginal,0.20539999999999997,0.006846666666666666,0.1543,1,False
jev,clinc,clinc:test:4229,order,2,0,coarse,0.0,0.0,0.0,0,True
jev,clinc,clinc:test:4229,order,2,0,flat,0.0,0.0,0.0,0,True
jev,clinc,clinc:test:4229,order,2,0,marginal,0.0017000000000000001,2.2666666666666668e-05,0.0017000000000000001,0,False
jev,massive,massive:test:15402,order,2,0,coarse,0.058383838383838454,0.006487093153759828,0.05838383838383837,0,False
jev,massive,massive:test:15402,order,2,0,flat,0.02000000000000001,0.0006666666666666671,0.020000000000000018,0,False
jev,massive,massive:test:15402,order,2,0,marginal,0.07038484848484855,0.0023461616161616185,0.058181818181818334,0,False
jev,trec,trec:test:479,order,2,0,coarse,0.11,0.03666666666666667,0.10999999999999999,1,False
jev,trec,trec:test:479,order,2,0,flat,0.0,0.0,0.0,0,True
jev,trec,trec:test:479,order,2,0,marginal,0.13389999999999996,0.005355999999999999,0.08479999999999993,1,False
jev,trec,trec:test:339,order,2,0,coarse,0.1,0.03333333333333333,0.09,0,False
jev,trec,trec:test:339,order,2,0,flat,0.05050505050505048,0.0020202020202020193,0.030303030303030304,0,False
jev,trec,trec:test:339,order,2,0,marginal,0.2161727272727273,0.008646909090909092,0.127,0,False
jev,massive,massive:test:10636,order,2,0,coarse,0.0900000000000001,0.01000000000000001,0.09000000000000019,0,False
jev,massive,massive:test:10636,order,2,0,flat,0.040000000000000015,0.0013333333333333337,0.040000000000000036,0,False
jev,massive,massive:test:10636,order,2,0,marginal,0.09000000000000008,0.0030000000000000027,0.0855,0,False
jev,clinc,clinc:test:1253,order,2,0,coarse,0.010000000000000005,0.002000000000000001,0.010000000000000009,0,False
jev,clinc,clinc:test:1253,order,2,0,flat,0.050000000000000024,0.000666666666666667,0.050000000000000044,0,False
jev,clinc,clinc:test:1253,order,2,0,marginal,0.029999999999999954,0.00039999999999999937,0.02,0,False
jev,clinc,clinc:test:2397,order,2,0,coarse,0.010000000000000005,0.002000000000000001,0.010000000000000009,0,False
jev,clinc,clinc:test:2397,order,2,0,flat,0.0,0.0,0.0,0,True
jev,clinc,clinc:test:2397,order,2,0,marginal,0.023030303030303033,0.0003070707070707071,0.021646464646464643,0,False
jev,trec,trec:test:69,order,2,0,coarse,0.07999999999999999,0.02666666666666666,0.07999999999999996,0,False
jev,trec,trec:test:69,order,2,0,flat,0.22,0.0088,0.14,0,False
jev,trec,trec:test:69,order,2,0,marginal,0.08519999999999998,0.0034079999999999996,0.07999999999999996,0,False
jev,clinc,clinc:test:1469,order,2,0,coarse,0.13,0.026000000000000002,0.12,0,False
jev,clinc,clinc:test:1469,order,2,0,flat,0.02000000000000001,0.0002666666666666668,0.020000000000000018,0,False
jev,clinc,clinc:test:1469,order,2,0,marginal,0.2113,0.002817333333333333,0.11880000000000002,0,False
jev,trec,trec:test:403,order,2,0,coarse,0.02000000000000001,0.0066666666666666706,0.020000000000000018,0,False
jev,trec,trec:test:403,order,2,0,flat,0.09000000000000001,0.0036000000000000003,0.09000000000000002,0,False
jev,trec,trec:test:403,order,2,0,marginal,0.31699999999999995,0.012679999999999999,0.31699999999999995,0,False
jev,clinc,clinc:test:4265,order,2,0,coarse,0.0,0.0,0.0,0,True
jev,clinc,clinc:test:4265,order,2,0,flat,0.0,0.0,0.0,0,True
jev,clinc,clinc:test:4265,order,2,0,marginal,0.0,0.0,0.0,0,True
jev,clinc,clinc:test:4430,order,2,0,coarse,0.04999999999999997,0.009999999999999993,0.04999999999999993,0,False
jev,clinc,clinc:test:4430,order,2,0,flat,0.010000000000000005,0.0001333333333333334,0.010000000000000009,0,False
jev,clinc,clinc:test:4430,order,2,0,marginal,0.054199999999999963,0.0007226666666666662,0.04999999999999993,0,False
jev,trec,trec:test:383,order,2,0,coarse,0.14,0.04666666666666667,0.13,0,False
jev,trec,trec:test:383,order,2,0,flat,0.21000000000000002,0.008400000000000001,0.17000000000000004,0,False
jev,trec,trec:test:383,order,2,0,marginal,0.19672424242424244,0.007868969696969697,0.15349999999999997,0,False
jev,massive,massive:test:6860,order,2,0,coarse,0.03000000000000002,0.0033333333333333357,0.020000000000000018,0,False
jev,massive,massive:test:6860,order,2,0,flat,0.05999999999999997,0.001999999999999999,0.05999999999999994,0,False
jev,massive,massive:test:6860,order,2,0,marginal,0.032600000000000004,0.0010866666666666668,0.020000000000000018,0,False
jev,clinc,clinc:test:3349,order,2,0,coarse,0.12000000000000001,0.024,0.10999999999999999,0,False
jev,clinc,clinc:test:3349,order,2,0,flat,0.02000000000000001,0.0002666666666666668,0.020000000000000018,0,False
jev,clinc,clinc:test:3349,order,2,0,marginal,0.1336,0.0017813333333333333,0.0917,0,False
jev,clinc,clinc:test:1465,order,2,0,coarse,0.14,0.028000000000000004,0.10000000000000003,0,False
jev,clinc,clinc:test:1465,order,2,0,flat,0.0,0.0,0.0,0,True
jev,clinc,clinc:test:1465,order,2,0,marginal,0.18432121212121216,0.002457616161616162,0.05199999999999999,0,False
jev,massive,massive:test:2957,order,2,0,coarse,0.02000000000000001,0.0022222222222222235,0.020000000000000018,0,False
jev,massive,massive:test:2957,order,2,0,flat,0.07999999999999997,0.0026666666666666657,0.06999999999999995,0,False
jev,massive,massive:test:2957,order,2,0,marginal,0.020200000000000044,0.0006733333333333348,0.020200000000000003,0,False
jev,trec,trec:test:282,order,2,0,coarse,0.0,0.0,0.0,0,True
jev,trec,trec:test:282,order,2,0,flat,0.18,0.0072,0.18,1,False
jev,trec,trec:test:282,order,2,0,marginal,0.010000000000000002,0.0004000000000000001,0.010000000000000009,0,False
jev,massive,massive:test:3222,order,2,0,coarse,0.07000000000000003,0.007777777777777782,0.07000000000000006,0,False
jev,massive,massive:test:3222,order,2,0,flat,0.03,0.001,0.03,0,False
jev,massive,massive:test:3222,order,2,0,marginal,0.07153434343434345,0.002384478114478115,0.06930000000000003,0,False
jev,clinc,clinc:test:876,order,2,0,coarse,0.1,0.02,0.09999999999999998,0,False
jev,clinc,clinc:test:876,order,2,0,flat,0.030000000000000013,0.0004000000000000002,0.030000000000000027,0,False
jev,clinc,clinc:test:876,order,2,0,marginal,0.12510000000000002,0.0016680000000000002,0.08900000000000001,0,False
jev,clinc,clinc:test:2540,order,2,0,coarse,0.010000000000000005,0.002000000000000001,0.010000000000000009,0,False
jev,clinc,clinc:test:2540,order,2,0,flat,0.06999999999999998,0.000933333333333333,0.07,0,False
jev,clinc,clinc:test:2540,order,2,0,marginal,0.019700000000000027,0.000262666666666667,0.01970000000000005,0,False
jev,massive,massive:test:4166,order,2,0,coarse,0.010000000000000005,0.0011111111111111118,0.010000000000000009,0,False
jev,massive,massive:test:4166,order,2,0,flat,0.12,0.004,0.12,0,False
jev,massive,massive:test:4166,order,2,0,marginal,0.07020000000000003,0.002340000000000001,0.07020000000000001,0,False
jev,clinc,clinc:test:2933,order,2,0,coarse,0.18,0.036,0.12,0,False
jev,clinc,clinc:test:2933,order,2,0,flat,0.0,0.0,0.0,0,True
jev,clinc,clinc:test:2933,order,2,0,marginal,0.19197070707070713,0.0025596094276094284,0.07470000000000004,0,False
jev,trec,trec:test:390,order,2,0,coarse,0.05,0.016666666666666666,0.04999999999999999,0,False
jev,trec,trec:test:390,order,2,0,flat,0.20303030303030306,0.008121212121212123,0.20303030303030312,0,False
jev,trec,trec:test:390,order,2,0,marginal,0.2855,0.01142,0.20579999999999998,0,False
jev,trec,trec:test:334,order,2,0,coarse,0.23,0.07666666666666667,0.22999999999999998,0,False
jev,trec,trec:test:334,order,2,0,flat,0.15000000000000005,0.006000000000000002,0.1200000000000001,0,False
jev,trec,trec:test:334,order,2,0,marginal,0.23299999999999998,0.00932,0.22999999999999998,0,False
jev,massive,massive:test:4567,order,2,0,coarse,0.0,0.0,0.0,0,True
jev,massive,massive:test:4567,order,2,0,flat,0.0,0.0,0.0,0,True
jev,massive,massive:test:4567,order,2,0,marginal,0.0009,3e-05,0.0008999999999999998,0,False
jev,trec,trec:test:300,order,2,0,coarse,0.02000000000000001,0.0066666666666666706,0.020000000000000018,0,False
jev,trec,trec:test:300,order,2,0,flat,0.5085858585858586,0.020343434343434344,0.5085858585858586,1,False
jev,trec,trec:test:300,order,2,0,marginal,0.04600000000000001,0.0018400000000000005,0.04500000000000004,0,False
jev,massive,massive:test:1180,order,2,0,coarse,0.01,0.0011111111111111111,0.01,0,False
jev,massive,massive:test:1180,order,2,0,flat,0.0,0.0,0.0,0,True
jev,massive,massive:test:1180,order,2,0,marginal,0.009999999999999998,0.00033333333333333327,0.0076,0,False
jev,massive,massive:test:14648,order,2,0,coarse,0.0,0.0,0.0,0,True
jev,massive,massive:test:14648,order,2,0,flat,0.029999999999999957,0.0009999999999999985,0.03,0,False
jev,massive,massive:test:14648,order,2,0,marginal,0.02000000000000001,0.0006666666666666671,0.01980000000000004,0,False
jev,clinc,clinc:test:2794,order,2,0,coarse,0.030000000000000013,0.006000000000000003,0.020000000000000018,0,False
jev,clinc,clinc:test:2794,order,2,0,flat,0.07999999999999999,0.0010666666666666665,0.07999999999999996,0,False
jev,clinc,clinc:test:2794,order,2,0,marginal,0.07479999999999998,0.000997333333333333,0.06479999999999997,0,False
jev,trec,trec:test:250,order,2,0,coarse,0.11,0.03666666666666667,0.10999999999999999,0,False
jev,trec,trec:test:250,order,2,0,flat,0.17000000000000004,0.006800000000000001,0.10000000000000009,0,False
jev,trec,trec:test:250,order,2,0,marginal,0.18769999999999998,0.007507999999999999,0.10439999999999999,0,False
jev,trec,trec:test:459,order,2,0,coarse,0.04999999999999996,0.016666666666666653,0.04999999999999999,0,False
jev,trec,trec:test:459,order,2,0,flat,0.09000000000000002,0.0036000000000000008,0.07,0,False
jev,trec,trec:test:459,order,2,0,marginal,0.06650909090909088,0.002660363636363635,0.04733333333333323,0,False
jev,clinc,clinc:test:895,order,2,0,coarse,0.15,0.03,0.15000000000000002,1,False
jev,clinc,clinc:test:895,order,2,0,flat,0.19515151515151513,0.002602020202020202,0.1546464646464646,0,False
jev,clinc,clinc:test:895,order,2,0,marginal,0.3344878787878788,0.004459838383838384,0.09100000000000001,1,False
jev,trec,trec:test:182,order,2,0,coarse,0.04000000000000002,0.013333333333333341,0.040000000000000036,0,False
jev,trec,trec:test:182,order,2,0,flat,0.11292929292929288,0.004517171717171715,0.07333333333333325,0,False
jev,trec,trec:test:182,order,2,0,marginal,0.057400000000000014,0.0022960000000000007,0.05720000000000003,0,False
jev,massive,massive:test:14461,order,2,0,coarse,0.08111111111111108,0.009012345679012343,0.0608080808080808,0,False
jev,massive,massive:test:14461,order,2,0,flat,0.08000000000000002,0.002666666666666667,0.05,0,False
jev,massive,massive:test:14461,order,2,0,marginal,0.21742222222222218,0.007247407407407406,0.10533333333333333,0,False
jev,trec,trec:test:396,order,2,0,coarse,0.13999999999999999,0.04666666666666666,0.12999999999999998,0,False
jev,trec,trec:test:396,order,2,0,flat,0.10999999999999995,0.004399999999999998,0.09999999999999998,0,False
jev,trec,trec:test:396,order,2,0,marginal,0.1571,0.006284,0.1305,0,False
jev,trec,trec:test:25,order,2,0,coarse,0.12999999999999995,0.043333333333333314,0.11999999999999994,1,False
jev,trec,trec:test:25,order,2,0,flat,0.26363636363636367,0.010545454545454547,0.1880808080808081,0,False
jev,trec,trec:test:25,order,2,0,marginal,0.15476969696969695,0.006190787878787878,0.12766666666666665,1,False
jev,clinc,clinc:test:2077,order,2,0,coarse,0.020000000000000004,0.004000000000000001,0.010000000000000009,0,False
jev,clinc,clinc:test:2077,order,2,0,flat,0.16999999999999998,0.0022666666666666664,0.16999999999999993,0,False
jev,clinc,clinc:test:2077,order,2,0,marginal,0.033100000000000004,0.0004413333333333334,0.023100000000000002,0,False
jev,clinc,clinc:test:552,order,2,0,coarse,0.13,0.026000000000000002,0.13,0,False
jev,clinc,clinc:test:552,order,2,0,flat,0.16161616161616163,0.002154882154882155,0.1515151515151516,0,False
jev,clinc,clinc:test:552,order,2,0,marginal,0.30840000000000006,0.004112000000000001,0.268,1,False
jev,clinc,clinc:test:4394,order,2,0,coarse,0.28,0.05600000000000001,0.27,0,False
jev,clinc,clinc:test:4394,order,2,0,flat,0.04000000000000001,0.0005333333333333335,0.040000000000000036,0,False
jev,clinc,clinc:test:4394,order,2,0,marginal,0.31599999999999995,0.004213333333333333,0.1905,0,False
jev,massive,massive:test:4831,order,2,0,coarse,0.010000000000000005,0.0011111111111111118,0.010000000000000009,0,False
jev,massive,massive:test:4831,order,2,0,flat,0.0,0.0,0.0,0,True
jev,massive,massive:test:4831,order,2,0,marginal,0.010000000000000005,0.00033333333333333354,0.010000000000000009,0,False
jev,trec,trec:test:315,order,2,0,coarse,0.020000000000000004,0.006666666666666668,0.020000000000000018,0,False
jev,trec,trec:test:315,order,2,0,flat,0.08000000000000003,0.003200000000000001,0.06000000000000005,0,False
jev,trec,trec:test:315,order,2,0,marginal,0.11593131313131315,0.004637252525252526,0.07573131313131315,0,False
jev,clinc,clinc:test:2840,order,2,0,coarse,0.24737373737373733,0.04947474747474746,0.19767676767676767,1,False
jev,clinc,clinc:test:2840,order,2,0,flat,0.040000000000000015,0.0005333333333333336,0.040000000000000036,0,False
jev,clinc,clinc:test:2840,order,2,0,marginal,0.2622818181818182,0.0034970909090909098,0.17389999999999994,0,False
jev,clinc,clinc:test:3267,order,2,0,coarse,0.2981818181818182,0.05963636363636364,0.2981818181818182,0,False
jev,clinc,clinc:test:3267,order,2,0,flat,0.0,0.0,0.0,0,True
jev,clinc,clinc:test:3267,order,2,0,marginal,0.3008080808080808,0.004010774410774411,0.2981818181818182,0,False
jev,massive,massive:test:13819,order,2,0,coarse,0.07000000000000002,0.00777777777777778,0.07000000000000006,0,False
jev,massive,massive:test:13819,order,2,0,flat,0.02000000000000001,0.0006666666666666671,0.020000000000000018,0,False
jev,massive,massive:test:13819,order,2,0,marginal,0.07000000000000002,0.002333333333333334,0.07000000000000006,0,False
jev,clinc,clinc:test:2150,order,2,0,coarse,0.0,0.0,0.0,0,True
jev,clinc,clinc:test:2150,order,2,0,flat,0.010000000000000005,0.0001333333333333334,0.010000000000000009,0,False
jev,clinc,clinc:test:2150,order,2,0,marginal,0.0,0.0,0.0,0,True
jev,trec,trec:test:480,order,2,0,coarse,0.00999999999999995,0.0033333333333333166,0.010000000000000002,0,False
jev,trec,trec:test:480,order,2,0,flat,0.3460606060606061,0.013842424242424245,0.2127272727272727,1,False
jev,trec,trec:test:480,order,2,0,marginal,0.167,0.00668,0.1056,0,False
jev,massive,massive:test:12839,order,2,0,coarse,0.010000000000000002,0.0011111111111111113,0.010000000000000002,0,False
jev,massive,massive:test:12839,order,2,0,flat,0.10292929292929291,0.0034309764309764304,0.08303030303030301,0,False
jev,massive,massive:test:12839,order,2,0,marginal,0.010799999999999999,0.00035999999999999997,0.010799999999999997,0,False
jev,trec,trec:test:36,order,2,0,coarse,0.010000000000000005,0.0033333333333333353,0.010000000000000009,0,False
jev,trec,trec:test:36,order,2,0,flat,0.12000000000000002,0.004800000000000001,0.09,0,False
jev,trec,trec:test:36,order,2,0,marginal,0.04019999999999995,0.001607999999999998,0.0401,0,False
jev,clinc,clinc:test:989,order,2,0,coarse,0.010000000000000005,0.002000000000000001,0.010000000000000009,0,False
jev,clinc,clinc:test:989,order,2,0,flat,0.0,0.0,0.0,0,True
jev,clinc,clinc:test:989,order,2,0,marginal,0.02700000000000004,0.00036000000000000056,0.017300000000000003,0,False
jev,massive,massive:test:3441,order,2,0,coarse,0.10999999999999996,0.012222222222222218,0.10999999999999999,0,False
jev,massive,massive:test:3441,order,2,0,flat,0.030000000000000013,0.0010000000000000005,0.030000000000000027,0,False
jev,massive,massive:test:3441,order,2,0,marginal,0.13059999999999997,0.004353333333333332,0.10999999999999999,0,False
jev,trec,trec:test:431,order,2,0,coarse,0.010000000000000002,0.003333333333333334,0.010000000000000002,0,False
jev,trec,trec:test:431,order,2,0,flat,0.35535353535353537,0.014214141414141415,0.172929292929293,1,False
jev,trec,trec:test:431,order,2,0,marginal,0.13819999999999996,0.005527999999999998,0.08500000000000002,1,False
jev,massive,massive:test:10263,order,2,0,coarse,0.020000000000000007,0.002222222222222223,0.020000000000000018,0,False
jev,massive,massive:test:10263,order,2,0,flat,0.0,0.0,0.0,0,True
jev,massive,massive:test:10263,order,2,0,marginal,0.020000000000000004,0.0006666666666666668,0.020000000000000018,0,False
jev,clinc,clinc:test:4478,order,2,0,coarse,0.07999999999999999,0.015999999999999997,0.08000000000000002,0,False
jev,clinc,clinc:test:4478,order,2,0,flat,0.0,0.0,0.0,0,True
jev,clinc,clinc:test:4478,order,2,0,marginal,0.08929999999999998,0.0011906666666666663,0.08850000000000001,0,False
jev,clinc,clinc:test:3676,order,2,0,coarse,0.0,0.0,0.0,0,True
jev,clinc,clinc:test:3676,order,2,0,flat,0.0,0.0,0.0,0,True
jev,clinc,clinc:test:3676,order,2,0,marginal,0.0,0.0,0.0,0,True
jev,clinc,clinc:test:1772,order,2,0,coarse,0.11000000000000003,0.022000000000000006,0.11000000000000004,1,False
jev,clinc,clinc:test:1772,order,2,0,flat,0.11,0.0014666666666666667,0.11000000000000001,0,False
jev,clinc,clinc:test:1772,order,2,0,marginal,0.12050000000000001,0.0016066666666666668,0.1139,1,False
jev,massive,massive:test:1252,order,2,0,coarse,0.010000000000000005,0.0011111111111111118,0.010000000000000009,0,False
jev,massive,massive:test:1252,order,2,0,flat,0.0,0.0,0.0,0,True
jev,massive,massive:test:1252,order,2,0,marginal,0.019900000000000015,0.0006633333333333338,0.01990000000000003,0,False
jev,trec,trec:test:92,order,2,0,coarse,0.27,0.09000000000000001,0.26,0,False
jev,trec,trec:test:92,order,2,0,flat,0.0797979797979798,0.003191919191919192,0.05949494949494949,0,False
jev,trec,trec:test:92,order,2,0,marginal,0.272,0.01088,0.26,0,False
jev,trec,trec:test:161,order,2,0,coarse,0.09000000000000004,0.030000000000000013,0.09000000000000008,0,False
jev,trec,trec:test:161,order,2,0,flat,0.060000000000000026,0.002400000000000001,0.06000000000000005,0,False
jev,trec,trec:test:161,order,2,0,marginal,0.09570000000000004,0.0038280000000000015,0.09000000000000002,0,False
jev,massive,massive:test:1413,order,2,0,coarse,0.17595959595959595,0.019551066217732883,0.16595959595959597,0,False
jev,massive,massive:test:1413,order,2,0,flat,0.07,0.0023333333333333335,0.04,0,False
jev,massive,massive:test:1413,order,2,0,marginal,0.1787939393939394,0.00595979797979798,0.13825050505050507,0,False
jev,clinc,clinc:test:2406,order,2,0,coarse,0.0,0.0,0.0,0,True
jev,clinc,clinc:test:2406,order,2,0,flat,0.03989898989898994,0.0005319865319865325,0.029898989898989897,0,False
jev,clinc,clinc:test:2406,order,2,0,marginal,0.04999999999999996,0.0006666666666666661,0.049999999999999996,0,False
jev,massive,massive:test:15513,order,2,0,coarse,0.24,0.026666666666666665,0.21999999999999997,1,False
jev,massive,massive:test:15513,order,2,0,flat,0.010000000000000005,0.00033333333333333354,0.010000000000000009,0,False
jev,massive,massive:test:15513,order,2,0,marginal,0.24000000000000005,0.008000000000000002,0.21999999999999997,1,False
jev,trec,trec:test:438,order,2,0,coarse,0.010000000000000005,0.0033333333333333353,0.010000000000000009,0,False
jev,trec,trec:test:438,order,2,0,flat,0.4,0.016,0.4,1,False
jev,trec,trec:test:438,order,2,0,marginal,0.027300000000000015,0.0010920000000000005,0.02729999999999999,0,False
jev,trec,trec:test:194,order,2,0,coarse,0.06999999999999998,0.023333333333333327,0.07,0,False
jev,trec,trec:test:194,order,2,0,flat,0.010000000000000005,0.00040000000000000024,0.010000000000000009,0,False
jev,trec,trec:test:194,order,2,0,marginal,0.06999999999999995,0.0027999999999999982,0.06929999999999992,0,False
jev,trec,trec:test:325,order,2,0,coarse,0.02000000000000001,0.0066666666666666706,0.020000000000000018,0,False
jev,trec,trec:test:325,order,2,0,flat,0.17999999999999997,0.007199999999999999,0.16999999999999993,0,False
jev,trec,trec:test:325,order,2,0,marginal,0.0216,0.0008640000000000001,0.021600000000000064,0,False
jev,clinc,clinc:test:2267,order,2,0,coarse,0.30000000000000004,0.06000000000000001,0.30000000000000004,1,False
jev,clinc,clinc:test:2267,order,2,0,flat,0.13262626262626268,0.001768350168350169,0.11242424242424243,0,False
jev,clinc,clinc:test:2267,order,2,0,marginal,0.3234,0.004312,0.275430303030303,1,False
jev,clinc,clinc:test:2915,order,2,0,coarse,0.0,0.0,0.0,0,True
jev,clinc,clinc:test:2915,order,2,0,flat,0.13999999999999996,0.001866666666666666,0.14,0,False
jev,clinc,clinc:test:2915,order,2,0,marginal,0.20999999999999996,0.0027999999999999995,0.21,0,False
jev,massive,massive:test:14859,order,2,0,coarse,0.11,0.012222222222222223,0.11000000000000001,0,False
jev,massive,massive:test:14859,order,2,0,flat,0.05999999999999997,0.001999999999999999,0.05999999999999994,0,False
jev,massive,massive:test:14859,order,2,0,marginal,0.118,0.003933333333333333,0.118,0,False
jev,clinc,clinc:test:987,order,2,0,coarse,0.29000000000000004,0.05800000000000001,0.19,1,False
jev,clinc,clinc:test:987,order,2,0,flat,0.02000000000000001,0.0002666666666666668,0.020000000000000018,0,False
jev,clinc,clinc:test:987,order,2,0,marginal,0.30440202020202023,0.004058693602693603,0.16150000000000003,0,False
laya,massive,massive:test:484,order,4,0,coarse,0.06380000000000008,0.007088888888888898,0.05270000000000019,0,False
laya,massive,massive:test:484,order,4,0,flat,0.3767623237676233,0.012558744125587443,0.10808919108089192,1,False
laya,massive,massive:test:484,order,4,0,marginal,0.1709889452048094,0.00569963150682698,0.159236486649665,0,False
laya,clinc,clinc:test:522,order,4,0,coarse,0.18166851692170619,0.036333703384341234,0.11172943659639022,1,False
laya,clinc,clinc:test:522,order,4,0,flat,0.5013560856899342,0.006684747809199122,0.39148808229751464,0,False
laya,clinc,clinc:test:522,order,4,0,marginal,0.3131073374247293,0.00417476449899639,0.08849588104639632,0,False
laya,trec,trec:test:141,order,4,0,coarse,0.002499999999999974,0.0008333333333333247,0.0024999999999999467,0,False
laya,trec,trec:test:141,order,4,0,flat,0.43007092871138464,0.017202837148455385,0.43007092871138464,0,False
laya,trec,trec:test:141,order,4,0,marginal,0.002500290358041657,0.00010001161432166629,0.0020011502300461004,0,False
laya,trec,trec:test:138,order,4,0,coarse,0.2831,0.09436666666666667,0.2831000000000001,0,False
laya,trec,trec:test:138,order,4,0,flat,0.009403761504601801,0.00037615046018407206,0.00940376150460176,0,False
laya,trec,trec:test:138,order,4,0,marginal,0.2859770205846349,0.011439080823385397,0.17729999999999996,1,False
laya,trec,trec:test:234,order,4,0,coarse,0.25100000000000006,0.08366666666666668,0.25100000000000006,0,False
laya,trec,trec:test:234,order,4,0,flat,0.4413586976543479,0.017654347906173914,0.1233655649346226,0,False
laya,trec,trec:test:234,order,4,0,marginal,0.3652202385354551,0.014608809541418204,0.11756691950366924,1,False
laya,massive,massive:test:4671,order,4,0,coarse,0.38995700389957005,0.04332855598884112,0.38995700389957,0,False
laya,massive,massive:test:4671,order,4,0,flat,0.3978142942882865,0.013260476476276217,0.14329486846053816,1,False
laya,massive,massive:test:4671,order,4,0,marginal,0.38995700389957005,0.012998566796652336,0.1183888175128882,0,False
laya,massive,massive:test:11903,order,4,0,coarse,0.2861999999999999,0.03179999999999999,0.14300000000000002,0,False
laya,massive,massive:test:11903,order,4,0,flat,0.30292542931989835,0.010097514310663278,0.09234977734345087,1,False
laya,massive,massive:test:11903,order,4,0,marginal,0.2961466599999999,0.00987155533333333,0.07477651754824512,0,False
laya,trec,trec:test:393,order,4,0,coarse,0.002700270027002692,0.0009000900090008973,0.0027002700270026825,0,False
laya,trec,trec:test:393,order,4,0,flat,0.9528018498150184,0.038112073992600734,0.9229062093790622,1,False
laya,trec,trec:test:393,order,4,0,marginal,0.33742879739312925,0.01349715189572517,0.32694356477055986,0,False
laya,massive,massive:test:10226,order,4,0,coarse,0.001200360108032391,0.00013337334533693233,0.0012003601080323723,0,False
laya,massive,massive:test:10226,order,4,0,flat,0.7561585907515428,0.02520528635838476,0.7060636242677983,1,False
laya,massive,massive:test:10226,order,4,0,marginal,0.0012003601080324048,4.001200360108016e-05,0.0010359107732319517,0,False
laya,trec,trec:test:39,order,4,0,coarse,0.2616680320365643,0.08722267734552143,0.2616680320365643,1,False
laya,trec,trec:test:39,order,4,0,flat,0.3623196036231961,0.014492784144927844,0.09947119099471192,1,False
laya,trec,trec:test:39,order,4,0,marginal,0.2736768274721973,0.010947073098887893,0.1866013952669487,0,False
laya,massive,massive:test:15970,order,4,0,coarse,0.001499999999999973,0.00016666666666666365,0.0014999999999999458,0,False
laya,massive,massive:test:15970,order,4,0,flat,0.47499741899989667,0.015833247299996557,0.3261700730468029,1,False
laya,massive,massive:test:15970,order,4,0,marginal,0.04873125000000002,0.0016243750000000006,0.04452760000000003,0,False
laya,clinc,clinc:test:246,order,4,0,coarse,0.22356732673267327,0.044713465346534656,0.16494086408640865,0,False
laya,clinc,clinc:test:246,order,4,0,flat,0.5976694486955271,0.007968925982607027,0.5180363152149682,1,False
laya,clinc,clinc:test:246,order,4,0,marginal,0.37192429541997474,0.004958990605599663,0.1421078993176415,1,False
laya,massive,massive:test:3852,order,4,0,coarse,0.010499999999999976,0.001166666666666664,0.010499999999999954,0,False
laya,massive,massive:test:3852,order,4,0,flat,0.26185848415158486,0.008728616138386162,0.23225634436556342,0,False
laya,massive,massive:test:3852,order,4,0,marginal,0.010499999999999976,0.00034999999999999924,0.010499999999999954,0,False
laya,massive,massive:test:13181,order,4,0,coarse,0.10448955104489556,0.011609950116099506,0.07389261073892607,0,False
laya,massive,massive:test:13181,order,4,0,flat,0.3813585131433841,0.012711950438112803,0.10263515010907631,1,False
laya,massive,massive:test:13181,order,4,0,marginal,0.10623749675437502,0.003541249891812501,0.07389261073892607,0,False
laya,clinc,clinc:test:8,order,4,0,coarse,0.2111,0.04222,0.1057,1,False
laya,clinc,clinc:test:8,order,4,0,flat,0.40874524714828897,0.005449936628643853,0.0885531318791275,0,False
laya,clinc,clinc:test:8,order,4,0,marginal,0.40543933072556493,0.005405857743007532,0.11895955,1,False
laya,massive,massive:test:3694,order,4,0,coarse,0.0,0.0,0.0,0,True
laya,massive,massive:test:3694,order,4,0,flat,0.9963983189072435,0.033213277296908116,0.9963983189072435,1,False
laya,massive,massive:test:3694,order,4,0,marginal,0.0,0.0,0.0,0,True
laya,massive,massive:test:10731,order,4,0,coarse,0.3434653834076484,0.038162820378627595,0.3434653834076483,0,False
laya,massive,massive:test:10731,order,4,0,flat,0.3886000000000001,0.012953333333333338,0.1068,1,False
laya,massive,massive:test:10731,order,4,0,marginal,0.3434653834076484,0.01144884611358828,0.17583738940068783,1,False
laya,trec,trec:test:337,order,4,0,coarse,0.011898810118988091,0.003966270039662697,0.011898810118988079,0,False
laya,trec,trec:test:337,order,4,0,flat,0.10268951580632255,0.0041075806322529015,0.09438523409363753,0,False
laya,trec,trec:test:337,order,4,0,marginal,0.11128122080059676,0.0044512488320238705,0.09810015879276335,0,False
laya,massive,massive:test:1516,order,4,0,coarse,0.31586303315863046,0.03509589257318116,0.3158630331586305,0,False
laya,massive,massive:test:1516,order,4,0,flat,0.3188859042924176,0.010629530143080585,0.09734771224996652,1,False
laya,massive,massive:test:1516,order,4,0,marginal,0.3158630331586304,0.010528767771954347,0.2606242711402428,0,False
laya,trec,trec:test:477,order,4,0,coarse,0.00029999999999998344,9.999999999999448e-05,0.00029999999999996696,0,False
laya,trec,trec:test:477,order,4,0,flat,0.10310977086906535,0.004124390834762614,0.10310977086906536,0,False
laya,trec,trec:test:477,order,4,0,marginal,0.1433151892527626,0.005732607570110504,0.14320030849084886,0,False
laya,massive,massive:test:17015,order,4,0,coarse,0.2784469227844692,0.030938546976052132,0.26415901264159014,0,False
laya,massive,massive:test:17015,order,4,0,flat,0.35064025610244093,0.011688008536748031,0.11594637855142056,0,False
laya,massive,massive:test:17015,order,4,0,marginal,0.2905676443069726,0.009685588143565753,0.15022302232023022,0,False
laya,clinc,clinc:test:4229,order,4,0,coarse,0.16024110411041106,0.03204822082208221,0.07531375137513754,0,False
laya,clinc,clinc:test:4229,order,4,0,flat,0.9178887051700764,0.012238516068934351,0.9178887051700765,1,False
laya,clinc,clinc:test:4229,order,4,0,marginal,0.5278650105812033,0.00703820014108271,0.11437303932376001,1,False
laya,massive,massive:test:15402,order,4,0,coarse,0.5497705711713513,0.061085619019039035,0.5497705711713514,1,False
laya,massive,massive:test:15402,order,4,0,flat,0.47983569286142763,0.015994523095380922,0.3045032593481304,1,False
laya,massive,massive:test:15402,order,4,0,marginal,0.5497705711713513,0.01832568570571171,0.4565421826547964,1,False
laya,trec,trec:test:479,order,4,0,coarse,0.282971702829717,0.094323900943239,0.2828717128287171,1,False
laya,trec,trec:test:479,order,4,0,flat,0.00330068013802781,0.0001320272055211124,0.002500610133027714,0,False
laya,trec,trec:test:479,order,4,0,marginal,0.48529441389603756,0.019411776555841503,0.2525985861299858,1,False
laya,trec,trec:test:339,order,4,0,coarse,0.10450773922607738,0.034835913075359125,0.10280860913908607,0,False
laya,trec,trec:test:339,order,4,0,flat,0.9082111570485184,0.036328446281940735,0.9082111570485183,1,False
laya,trec,trec:test:339,order,4,0,marginal,0.897492205729665,0.0358996882291866,0.8930633391390861,1,False
laya,massive,massive:test:10636,order,4,0,coarse,0.0,0.0,0.0,0,True
laya,massive,massive:test:10636,order,4,0,flat,0.40928892513668047,0.013642964171222682,0.1334667473064731,1,False
laya,massive,massive:test:10636,order,4,0,marginal,0.13080000000000003,0.004360000000000001,0.13080000000000003,0,False
laya,clinc,clinc:test:1253,order,4,0,coarse,0.02309580958095808,0.004619161916191616,0.014954255425542518,0,False
laya,clinc,clinc:test:1253,order,4,0,flat,0.4722280347222803,0.006296373796297071,0.4313170843131708,0,False
laya,clinc,clinc:test:1253,order,4,0,marginal,0.3852033142516267,0.005136044190021689,0.21761956440119568,1,False
laya,clinc,clinc:test:2397,order,4,0,coarse,0.016199999999999982,0.0032399999999999964,0.008299999999999991,0,False
laya,clinc,clinc:test:2397,order,4,0,flat,0.7198280171982802,0.00959770689597707,0.5774422557744225,1,False
laya,clinc,clinc:test:2397,order,4,0,marginal,0.027074606363549546,0.00036099475151399395,0.008288651134886502,0,False
laya,trec,trec:test:69,order,4,0,coarse,0.01849768023197677,0.006165893410658923,0.018497680231976732,0,False
laya,trec,trec:test:69,order,4,0,flat,0.5448973254489732,0.021795893017958926,0.36505336365053354,1,False
laya,trec,trec:test:69,order,4,0,marginal,0.03493953006399361,0.0013975812025597445,0.017825051090890942,0,False
laya,clinc,clinc:test:1469,order,4,0,coarse,0.14977051705170516,0.02995410341034103,0.11765794579457944,0,False
laya,clinc,clinc:test:1469,order,4,0,flat,0.5665851289508659,0.007554468386011545,0.4381742771439141,1,False
laya,clinc,clinc:test:1469,order,4,0,marginal,0.3862947788573958,0.0051505970514319445,0.15730088647500887,0,False
laya,trec,trec:test:403,order,4,0,coarse,0.0019999999999999124,0.0006666666666666375,0.0019000000000000015,0,False
laya,trec,trec:test:403,order,4,0,flat,0.5965807240422303,0.02386322896168921,0.4184269679463984,1,False
laya,trec,trec:test:403,order,4,0,marginal,0.02282347476544109,0.0009129389906176435,0.022394679999999945,0,False
laya,clinc,clinc:test:4265,order,4,0,coarse,0.18886985397079412,0.037773970794158826,0.11487993598719747,0,False
laya,clinc,clinc:test:4265,order,4,0,flat,0.6954659561666393,0.00927287941555519,0.4705193828130773,1,False
laya,clinc,clinc:test:4265,order,4,0,marginal,0.3515020471349259,0.0046866939617990115,0.15284450801637878,0,False
laya,clinc,clinc:test:4430,order,4,0,coarse,0.12796023602360232,0.025592047204720463,0.12695909590959098,0,False
laya,clinc,clinc:test:4430,order,4,0,flat,0.37558795649899457,0.005007839419986594,0.12675698467843674,1,False
laya,clinc,clinc:test:4430,order,4,0,marginal,0.374366710094587,0.004991556134594493,0.12695909590959098,0,False
laya,trec,trec:test:383,order,4,0,coarse,0.0013999999999999785,0.0004666666666666595,0.0013999999999999568,0,False
laya,trec,trec:test:383,order,4,0,flat,0.9699885655972903,0.03879954262389161,0.9694884355662842,1,False
laya,trec,trec:test:383,order,4,0,marginal,0.2013592579539687,0.008054370318158748,0.20067745868586856,0,False
laya,massive,massive:test:6860,order,4,0,coarse,0.46764676467646765,0.05196075163071863,0.4588458845884588,0,False
laya,massive,massive:test:6860,order,4,0,flat,0.7357581127186531,0.024525270423955102,0.6825401183847128,1,False
laya,massive,massive:test:6860,order,4,0,marginal,0.4676511461765114,0.015588371539217046,0.20308620862086207,0,False
laya,clinc,clinc:test:3349,order,4,0,coarse,0.20543993600639945,0.04108798720127989,0.18353381661833834,1,False
laya,clinc,clinc:test:3349,order,4,0,flat,0.9608764057233141,0.012811685409644188,0.9608764057233139,1,False
laya,clinc,clinc:test:3349,order,4,0,marginal,0.44031873090643675,0.005870916412085823,0.22525593794055945,0,False
laya,clinc,clinc:test:1465,order,4,0,coarse,0.1539548345165483,0.03079096690330966,0.08938321167883208,0,False
laya,clinc,clinc:test:1465,order,4,0,flat,0.4045164085570058,0.005393552114093411,0.3722997241596915,0,False
laya,clinc,clinc:test:1465,order,4,0,marginal,0.3298596116166277,0.004398128154888369,0.058265453082654406,0,False
laya,massive,massive:test:2957,order,4,0,coarse,0.0,0.0,0.0,0,True
laya,massive,massive:test:2957,order,4,0,flat,0.9965003499650035,0.03321667833216678,0.9965003499650035,1,False
laya,massive,massive:test:2957,order,4,0,marginal,0.18299999999999997,0.006099999999999999,0.18299999999999994,0,False
laya,trec,trec:test:282,order,4,0,coarse,0.039213191319131875,0.013071063773043958,0.03921319131913181,0,False
laya,trec,trec:test:282,order,4,0,flat,0.43782242775722424,0.01751289711028897,0.13378567143285672,0,False
laya,trec,trec:test:282,order,4,0,marginal,0.0494637369049617,0.001978549476198468,0.0468499506330633,0,False
laya,massive,massive:test:3222,order,4,0,coarse,0.2843,0.03158888888888889,0.16899999999999998,0,False
laya,massive,massive:test:3222,order,4,0,flat,0.29237998799879994,0.009745999599959998,0.15335074507450747,0,False
laya,massive,massive:test:3222,order,4,0,marginal,0.36973304999999995,0.012324434999999998,0.06656433,0,False
laya,clinc,clinc:test:876,order,4,0,coarse,0.22894168416841684,0.04578833683368337,0.1073155315531553,1,False
laya,clinc,clinc:test:876,order,4,0,flat,0.5765090328277384,0.007686787104369845,0.5525023315979718,1,False
laya,clinc,clinc:test:876,order,4,0,marginal,0.5207901715487804,0.006943868953983738,0.13101250915977825,1,False
laya,clinc,clinc:test:2540,order,4,0,coarse,0.22357764223577642,0.04471552844715528,0.1128887111288871,1,False
laya,clinc,clinc:test:2540,order,4,0,flat,0.5192198616042751,0.006922931488057002,0.2769009281214036,1,False
laya,clinc,clinc:test:2540,order,4,0,marginal,0.4391395882784257,0.005855194510379009,0.11584916508349166,0,False
laya,massive,massive:test:4166,order,4,0,coarse,0.40145985401459855,0.04460665044606651,0.2006799320067994,1,False
laya,massive,massive:test:4166,order,4,0,flat,0.48500056129287133,0.016166685376429044,0.2734216887768425,1,False
laya,massive,massive:test:4166,order,4,0,marginal,0.40888054005318397,0.013629351335106132,0.1102889711028897,0,False
laya,clinc,clinc:test:2933,order,4,0,coarse,0.011894170582941732,0.0023788341165883464,0.008097760223977603,0,False
laya,clinc,clinc:test:2933,order,4,0,flat,0.4044404440444044,0.005392539253925392,0.2208220822082208,1,False
laya,clinc,clinc:test:2933,order,4,0,marginal,0.04342205734376269,0.0005789607645835025,0.011530480143561601,0,False
laya,trec,trec:test:390,order,4,0,coarse,0.03560479047904798,0.011868263493015993,0.035604790479048076,0,False
laya,trec,trec:test:390,order,4,0,flat,0.8562327022749003,0.034249308090996015,0.8561327522559069,1,False
laya,trec,trec:test:390,order,4,0,marginal,0.23793530488708117,0.009517412195483247,0.23273348644333497,0,False
laya,trec,trec:test:334,order,4,0,coarse,0.06272243224322438,0.020907477414408127,0.049918831883188325,0,False
laya,trec,trec:test:334,order,4,0,flat,0.3888611138886112,0.01555444455554445,0.11338866113388663,1,False
laya,trec,trec:test:334,order,4,0,marginal,0.20770860343267133,0.008308344137306854,0.14499457809767377,0,False
laya,massive,massive:test:4567,order,4,0,coarse,0.0002999999999999835,3.33333333333315e-05,0.00029999999999996696,0,False
laya,massive,massive:test:4567,order,4,0,flat,0.44026176093035385,0.014675392031011794,0.21140504640190655,1,False
laya,massive,massive:test:4567,order,4,0,marginal,0.0002999999999999835,9.99999999999945e-06,0.00029999999999996696,0,False
laya,trec,trec:test:300,order,4,0,coarse,0.02849999999999995,0.009499999999999982,0.028200000000000003,0,False
laya,trec,trec:test:300,order,4,0,flat,0.7068850385038504,0.028275401540154017,0.6805860786078606,1,False
laya,trec,trec:test:300,order,4,0,marginal,0.06763428711189234,0.0027053714844756938,0.0671620799999999,1,False
laya,massive,massive:test:1180,order,4,0,coarse,0.008401760352070423,0.0009335289280078248,0.00820176035207043,0,False
laya,massive,massive:test:1180,order,4,0,flat,0.5233168787784598,0.01744389595928199,0.500299490056984,0,False
laya,massive,massive:test:1180,order,4,0,marginal,0.008401760352070423,0.0002800586784023474,0.00820176035207043,0,False
laya,massive,massive:test:14648,order,4,0,coarse,0.12537492501499706,0.013930547223888562,0.08148370325934813,0,False
laya,massive,massive:test:14648,order,4,0,flat,0.3428518844927739,0.011428396149759129,0.05575167475757671,0,False
laya,massive,massive:test:14648,order,4,0,marginal,0.20458905769501168,0.00681963525650039,0.1143543091381724,0,False
laya,clinc,clinc:test:2794,order,4,0,coarse,0.18059653180596533,0.036119306361193065,0.15521973155219737,0,False
laya,clinc,clinc:test:2794,order,4,0,flat,0.7270618520718612,0.009694158027624817,0.7258552460027121,0,False
laya,clinc,clinc:test:2794,order,4,0,marginal,0.5229509441700788,0.006972679255601051,0.3766128837661288,1,False
laya,trec,trec:test:250,order,4,0,coarse,0.001800960096009645,0.000600320032003215,0.001701290129012989,0,False
laya,trec,trec:test:250,order,4,0,flat,0.4940265170998591,0.019761060683994365,0.2595165661459331,1,False
laya,trec,trec:test:250,order,4,0,marginal,0.10142218675863421,0.004056887470345368,0.0760368039514398,1,False
laya,trec,trec:test:459,order,4,0,coarse,0.04059700970097001,0.013532336566990003,0.0386959895989597,0,False
laya,trec,trec:test:459,order,4,0,flat,0.3270431460255335,0.013081725841021342,0.152286111925022,1,False
laya,trec,trec:test:459,order,4,0,marginal,0.0594995907061135,0.00237998362824454,0.04347663739173907,0,False
laya,clinc,clinc:test:895,order,4,0,coarse,0.2969,0.05938,0.22869999999999996,0,False
laya,clinc,clinc:test:895,order,4,0,flat,0.25713163038729586,0.003428421738497278,0.1062416944727347,0,False
laya,clinc,clinc:test:895,order,4,0,marginal,0.5377404710194389,0.007169872946925852,0.11332636263626363,1,False
laya,trec,trec:test:182,order,4,0,coarse,0.0005002400240023679,0.00016674667466745597,0.0005001700170017003,0,False
laya,trec,trec:test:182,order,4,0,flat,0.3426287145359542,0.013705148581438169,0.1252303576853737,1,False
laya,trec,trec:test:182,order,4,0,marginal,0.10494758910922017,0.004197903564368807,0.07093209320932092,0,False
laya,massive,massive:test:14461,order,4,0,coarse,0.2861553555355536,0.0317950395039504,0.2271602060206021,0,False
laya,massive,massive:test:14461,order,4,0,flat,0.4215898679430881,0.014052995598102937,0.10243996921959724,1,False
laya,massive,massive:test:14461,order,4,0,marginal,0.28714464928499434,0.00957148830949981,0.08994917266826685,0,False
laya,trec,trec:test:396,order,4,0,coarse,0.010699999999999966,0.0035666666666666555,0.010699999999999932,0,False
laya,trec,trec:test:396,order,4,0,flat,0.5527532221101288,0.022110128884405153,0.549654881986195,0,False
laya,trec,trec:test:396,order,4,0,marginal,0.09466307930220505,0.003786523172088202,0.09107815493549348,0,False
laya,trec,trec:test:25,order,4,0,coarse,0.003999999999999995,0.0013333333333333316,0.0034999999999999996,0,False
laya,trec,trec:test:25,order,4,0,flat,0.6584032704061794,0.026336130816247177,0.507945804399254,1,False
laya,trec,trec:test:25,order,4,0,marginal,0.33980793933914955,0.013592317573565982,0.33622180610538943,1,False
laya,clinc,clinc:test:2077,order,4,0,coarse,0.4891631863186318,0.09783263726372636,0.4891631863186317,1,False
laya,clinc,clinc:test:2077,order,4,0,flat,0.8874532002114437,0.011832709336152582,0.8845527604678056,1,False
laya,clinc,clinc:test:2077,order,4,0,marginal,0.5048525312361807,0.0067313670831490756,0.4653521040907727,1,False
laya,clinc,clinc:test:552,order,4,0,coarse,0.2821610561056106,0.05643221122112212,0.19932767276727678,1,False
laya,clinc,clinc:test:552,order,4,0,flat,0.9713086074177746,0.012950781432236994,0.9713086074177747,1,False
laya,clinc,clinc:test:552,order,4,0,marginal,0.44346054601679863,0.005912807280223982,0.09714896994049839,1,False
laya,clinc,clinc:test:4394,order,4,0,coarse,0.07579999999999999,0.015159999999999998,0.0451,1,False
laya,clinc,clinc:test:4394,order,4,0,flat,0.5185640296410075,0.0069141870618801,0.13872793468198366,1,False
laya,clinc,clinc:test:4394,order,4,0,marginal,0.32678018796389496,0.004357069172851933,0.05812105418858115,0,False
laya,massive,massive:test:4831,order,4,0,coarse,0.15876697158766973,0.01764077462085219,0.0777082107770821,1,False
laya,massive,massive:test:4831,order,4,0,flat,0.3697571517679926,0.012325238392266421,0.05031815575275643,1,False
laya,massive,massive:test:4831,order,4,0,marginal,0.15915065549450655,0.005305021849816885,0.02898298397182984,0,False
laya,trec,trec:test:315,order,4,0,coarse,0.0015016996600680723,0.0005005665533560241,0.0012022795440913558,0,False
laya,trec,trec:test:315,order,4,0,flat,0.4657421456885093,0.018629685827540373,0.4647376046999483,1,False
laya,trec,trec:test:315,order,4,0,marginal,0.08190412642826955,0.003276165057130782,0.07881965881223746,1,False
laya,clinc,clinc:test:2840,order,4,0,coarse,0.1778753417787534,0.03557506835575068,0.09641752096417522,0,False
laya,clinc,clinc:test:2840,order,4,0,flat,0.4176033275583098,0.005568044367444131,0.11235459829863917,1,False
laya,clinc,clinc:test:2840,order,4,0,marginal,0.3150800562229219,0.0042010674163056256,0.12222351743243864,0,False
laya,clinc,clinc:test:3267,order,4,0,coarse,0.18123569643035695,0.036247139286071386,0.08008488151184881,1,False
laya,clinc,clinc:test:3267,order,4,0,flat,0.44093683915764054,0.005879157855435207,0.28176084040297467,0,False
laya,clinc,clinc:test:3267,order,4,0,marginal,0.4050009362719578,0.0054000124836261045,0.07990345965403459,1,False
laya,massive,massive:test:13819,order,4,0,coarse,0.3474044914014312,0.03860049904460347,0.34740449140143126,0,False
laya,massive,massive:test:13819,order,4,0,flat,0.5091728374672035,0.016972427915573452,0.09212043388579726,1,False
laya,massive,massive:test:13819,order,4,0,marginal,0.34740449140143115,0.011580149713381038,0.34740449140143126,0,False
laya,clinc,clinc:test:2150,order,4,0,coarse,0.22982298229822984,0.04596459645964597,0.2298229822982299,0,False
laya,clinc,clinc:test:2150,order,4,0,flat,0.9208794540020449,0.012278392720027264,0.9185793941501383,1,False
laya,clinc,clinc:test:2150,order,4,0,marginal,0.4521513688742179,0.006028684918322906,0.230625503282548,0,False
laya,trec,trec:test:480,order,4,0,coarse,0.04640464046404644,0.015468213488015478,0.04010401040104017,0,False
laya,trec,trec:test:480,order,4,0,flat,0.39027193719371933,0.015610877487748774,0.13621526152615263,1,False
laya,trec,trec:test:480,order,4,0,marginal,0.5892806507362831,0.023571226029451324,0.5018867387085985,1,False
laya,massive,massive:test:12839,order,4,0,coarse,0.30251435461482556,0.03361270606831395,0.25175210982405977,0,False
laya,massive,massive:test:12839,order,4,0,flat,0.32593832268649786,0.010864610756216595,0.046887262211524096,1,False
laya,massive,massive:test:12839,order,4,0,marginal,0.3033899330640076,0.010112997768800253,0.08220364128176044,1,False
laya,trec,trec:test:36,order,4,0,coarse,0.07839182081791819,0.026130606939306064,0.07839182081791818,0,False
laya,trec,trec:test:36,order,4,0,flat,0.6234248712457522,0.02493699484983009,0.29540356256291833,1,False
laya,trec,trec:test:36,order,4,0,marginal,0.12281629163283667,0.004912651665313466,0.05126277559444051,0,False
laya,clinc,clinc:test:989,order,4,0,coarse,0.1092109210921092,0.02184218421842184,0.053605360536053595,0,False
laya,clinc,clinc:test:989,order,4,0,flat,0.7440026744087558,0.00992003565878341,0.7177644337676343,0,False
laya,clinc,clinc:test:989,order,4,0,marginal,0.49410370528737235,0.006588049403831632,0.10146650586479222,1,False
laya,massive,massive:test:3441,order,4,0,coarse,0.7036703670367037,0.07818559633741153,0.7036703670367036,1,False
laya,massive,massive:test:3441,order,4,0,flat,0.3932137362566023,0.013107124541886743,0.1471128409100162,1,False
laya,massive,massive:test:3441,order,4,0,marginal,0.7036703670367038,0.02345567890122346,0.3696015201520152,1,False
laya,trec,trec:test:431,order,4,0,coarse,0.028809660966096617,0.009603220322032206,0.02830999099909992,0,False
laya,trec,trec:test:431,order,4,0,flat,0.0011001100110010883,4.400440044004353e-05,0.0011001100110011003,0,False
laya,trec,trec:test:431,order,4,0,marginal,0.2998872697426183,0.011995490789704733,0.2968699936847,0,False
laya,massive,massive:test:10263,order,4,0,coarse,0.09069845984598464,0.01007760664955385,0.09069845984598468,0,False
laya,massive,massive:test:10263,order,4,0,flat,0.36189143257022893,0.012063047752340964,0.1897430770768769,0,False
laya,massive,massive:test:10263,order,4,0,marginal,0.16473510040635103,0.005491170013545034,0.16382516242325174,0,False
laya,clinc,clinc:test:4478,order,4,0,coarse,0.014200000000000004,0.002840000000000001,0.013000000000000012,0,False
laya,clinc,clinc:test:4478,order,4,0,flat,0.4352611566940163,0.005803482089253551,0.4352611566940163,0,False
laya,clinc,clinc:test:4478,order,4,0,marginal,0.02787652685131436,0.0003716870246841915,0.013551864440667798,0,False
laya,clinc,clinc:test:3676,order,4,0,coarse,0.14918085191480848,0.029836170382961696,0.14918085191480845,0,False
laya,clinc,clinc:test:3676,order,4,0,flat,0.4767214611773426,0.0063562861490312345,0.16151243827345102,1,False
laya,clinc,clinc:test:3676,order,4,0,marginal,0.15769187045288216,0.0021025582727050955,0.14918085191480845,0,False
laya,clinc,clinc:test:1772,order,4,0,coarse,0.16434249575042498,0.032868499150084995,0.09418198180181983,0,False
laya,clinc,clinc:test:1772,order,4,0,flat,0.7194133386661332,0.009592177848881776,0.7140120687931208,1,False
laya,clinc,clinc:test:1772,order,4,0,marginal,0.295903184922346,0.003945375798964613,0.07596543746537797,1,False
laya,massive,massive:test:1252,order,4,0,coarse,0.0021994400219944358,0.0002443822246660484,0.0020994500209945005,0,False
laya,massive,massive:test:1252,order,4,0,flat,0.2906495300939812,0.009688317669799374,0.051179664067186555,1,False
laya,massive,massive:test:1252,order,4,0,marginal,0.08388230948095919,0.0027960769826986397,0.0833506234785063,0,False
laya,trec,trec:test:92,order,4,0,coarse,0.15451527847215282,0.05150509282405094,0.15451527847215285,0,False
laya,trec,trec:test:92,order,4,0,flat,0.6566225363781124,0.026264901455124497,0.6040829117932807,0,False
laya,trec,trec:test:92,order,4,0,marginal,0.34999919515863975,0.01399996780634559,0.23083768496694454,1,False
laya,trec,trec:test:161,order,4,0,coarse,0.009100000000000052,0.003033333333333351,0.009100000000000108,0,False
laya,trec,trec:test:161,order,4,0,flat,0.2842708283313325,0.0113708331332533,0.2014185274109644,0,False
laya,trec,trec:test:161,order,4,0,marginal,0.08482010475686601,0.0033928041902746404,0.08173131804819522,1,False
laya,massive,massive:test:1413,order,4,0,coarse,0.6771999999999999,0.07524444444444443,0.6042000000000001,1,False
laya,massive,massive:test:1413,order,4,0,flat,0.7559520608243296,0.025198402027477654,0.3841545818327331,1,False
laya,massive,massive:test:1413,order,4,0,marginal,0.6772022390960903,0.022573407969869678,0.3614928600000001,1,False
laya,clinc,clinc:test:2406,order,4,0,coarse,0.17844489551044898,0.0356889791020898,0.1527556044395561,1,False
laya,clinc,clinc:test:2406,order,4,0,flat,0.47521729900869203,0.006336230653449227,0.1957452478298099,1,False
laya,clinc,clinc:test:2406,order,4,0,marginal,0.41739354352082075,0.005565247246944276,0.243465825749834,1,False
laya,massive,massive:test:15513,order,4,0,coarse,0.23474694938987792,0.026082994376653103,0.23474694938987783,0,False
laya,massive,massive:test:15513,order,4,0,flat,0.6689553667582147,0.022298512225273823,0.6171752446870097,1,False
laya,massive,massive:test:15513,order,4,0,marginal,0.2769752398484497,0.009232507994948323,0.2769662332466492,0,False
laya,trec,trec:test:438,order,4,0,coarse,0.008898809880988038,0.002966269960329346,0.008898799879987873,0,False
laya,trec,trec:test:438,order,4,0,flat,0.5600985197039408,0.02240394078815763,0.5600985197039408,1,False
laya,trec,trec:test:438,order,4,0,marginal,0.008906037947843505,0.0003562415179137402,0.0047074651365135445,0,False
laya,trec,trec:test:194,order,4,0,coarse,0.20466059204660592,0.06822019734886864,0.20466059204660592,0,False
laya,trec,trec:test:194,order,4,0,flat,0.6744834783478347,0.02697933913391339,0.5677989698969896,1,False
laya,trec,trec:test:194,order,4,0,marginal,0.23060668462761458,0.009224267385104583,0.09521991245619912,0,False
laya,trec,trec:test:325,order,4,0,coarse,0.20234865513448655,0.06744955171149551,0.20234865513448658,1,False
laya,trec,trec:test:325,order,4,0,flat,0.7032093590640937,0.028128374362563748,0.623407389261074,1,False
laya,trec,trec:test:325,order,4,0,marginal,0.2182109481386434,0.008728437925545736,0.11560767524747526,1,False
laya,clinc,clinc:test:2267,order,4,0,coarse,0.18792314144431843,0.037584628288863685,0.06972940845374284,0,False
laya,clinc,clinc:test:2267,order,4,0,flat,0.880362227916074,0.011738163038880986,0.8785632188255917,1,False
laya,clinc,clinc:test:2267,order,4,0,marginal,0.5626501475540894,0.0075020019673878585,0.1564979965029442,1,False
laya,clinc,clinc:test:2915,order,4,0,coarse,0.02190219021902188,0.0043804380438043754,0.021502150215021443,0,False
laya,clinc,clinc:test:2915,order,4,0,flat,0.6859560518420554,0.009146080691227406,0.574657205642541,1,False
laya,clinc,clinc:test:2915,order,4,0,marginal,0.026042911313732143,0.00034723881751642856,0.021800230023002243,0,False
laya,massive,massive:test:14859,order,4,0,coarse,0.33937922471005555,0.03770880274556173,0.27742709825836787,1,False
laya,massive,massive:test:14859,order,4,0,flat,0.46859864054378253,0.01561995468479275,0.12501563374650138,1,False
laya,massive,massive:test:14859,order,4,0,marginal,0.34279172548157383,0.011426390849385794,0.22487521201870608,1,False
laya,clinc,clinc:test:987,order,4,0,coarse,0.11609999999999995,0.02321999999999999,0.08110000000000005,0,False
laya,clinc,clinc:test:987,order,4,0,flat,0.5407421115776845,0.007209894821035793,0.48156754649070177,0,False
laya,clinc,clinc:test:987,order,4,0,marginal,0.39082644033119285,0.005211019204415904,0.056424370000000015,0,False
laya,massive,massive:test:484,order,3,0,coarse,0.0622000000000001,0.006911111111111122,0.04720000000000024,0,False
laya,massive,massive:test:484,order,3,0,flat,0.27344262072041925,0.009114754024013976,0.08617073260157729,1,False
laya,massive,massive:test:484,order,3,0,marginal,0.10837145485056154,0.0036123818283520515,0.08042743664966506,0,False
laya,clinc,clinc:test:522,order,3,0,coarse,0.20122990598119628,0.040245981196239254,0.1605711942388478,1,False
laya,clinc,clinc:test:522,order,3,0,flat,0.8606361398164324,0.011475148530885765,0.8564319170688677,1,False
laya,clinc,clinc:test:522,order,3,0,marginal,0.4147140475178226,0.005529520633570968,0.06075509399391607,0,False
laya,trec,trec:test:141,order,3,0,coarse,0.04610000000000001,0.015366666666666669,0.04610000000000003,0,False
laya,trec,trec:test:141,order,3,0,flat,0.00010002000400078916,4.000800160031566e-06,0.00010002000400080016,0,False
laya,trec,trec:test:141,order,3,0,marginal,0.04979194018403687,0.0019916776073614748,0.04978731023004612,0,False
laya,trec,trec:test:138,order,3,0,coarse,0.2690000000000001,0.08966666666666669,0.2642000000000001,0,False
laya,trec,trec:test:138,order,3,0,flat,0.0025002500250024635,0.00010001000100009854,0.002500250025002426,0,False
laya,trec,trec:test:138,order,3,0,marginal,0.2726395357101086,0.010905581428404344,0.23659999999999998,1,False
laya,trec,trec:test:234,order,3,0,coarse,0.16284196580341967,0.05428065526780656,0.10036882311768827,1,False
laya,trec,trec:test:234,order,3,0,flat,0.543508701740348,0.021740348069613922,0.12592518503700742,1,False
laya,trec,trec:test:234,order,3,0,marginal,0.24962992880205484,0.009985197152082194,0.046908135497188155,0,False
laya,massive,massive:test:4671,order,3,0,coarse,0.03630363036303638,0.0040337367070040426,0.03500350035003519,0,False
laya,massive,massive:test:4671,order,3,0,flat,0.3423645070985803,0.011412150236619343,0.09481311737652467,1,False
laya,massive,massive:test:4671,order,3,0,marginal,0.057879941486799494,0.0019293313828933165,0.03994968496849691,0,False
laya,massive,massive:test:11903,order,3,0,coarse,0.24899999999999997,0.027666666666666662,0.10759999999999999,0,False
laya,massive,massive:test:11903,order,3,0,flat,0.31884535184172297,0.0106281783947241,0.0511879022335347,0,False
laya,massive,massive:test:11903,order,3,0,marginal,0.2881633421831915,0.009605444739439717,0.09770000000000001,0,False
laya,trec,trec:test:393,order,3,0,coarse,0.15719831983198324,0.05239943994399441,0.1571983198319833,0,False
laya,trec,trec:test:393,order,3,0,flat,0.6337447689537908,0.025349790758151632,0.29726245249049804,1,False
laya,trec,trec:test:393,order,3,0,marginal,0.26266564685231075,0.01050662587409243,0.2142607694510279,0,False
laya,massive,massive:test:10226,order,3,0,coarse,0.0022997700229976693,0.0002555300025552966,0.002299770022997638,0,False
laya,massive,massive:test:10226,order,3,0,flat,0.27427050232858075,0.009142350077619358,0.11178093954133644,0,False
laya,massive,massive:test:10226,order,3,0,marginal,0.002299770022997683,7.665900076658944e-05,0.0019847015298469772,0,False
laya,trec,trec:test:39,order,3,0,coarse,0.3067693230676932,0.10225644102256441,0.3067693230676932,0,False
laya,trec,trec:test:39,order,3,0,flat,0.3549148035491481,0.014196592141965924,0.08924768089247684,0,False
laya,trec,trec:test:39,order,3,0,marginal,0.3474718866000768,0.01389887546400307,0.25587868192685004,0,False
laya,massive,massive:test:15970,order,3,0,coarse,0.0004999999999999725,5.5555555555552495e-05,0.0004999999999999449,0,False
laya,massive,massive:test:15970,order,3,0,flat,0.4329481303739252,0.014431604345797508,0.3372386122775445,0,False
laya,massive,massive:test:15970,order,3,0,marginal,0.026624022402240224,0.0008874674134080074,0.02273615361536152,0,False
laya,clinc,clinc:test:246,order,3,0,coarse,0.15125014501450149,0.030250029002900296,0.05988161816181617,0,False
laya,clinc,clinc:test:246,order,3,0,flat,0.3436947532450627,0.004582596709934169,0.11949728852557448,1,False
laya,clinc,clinc:test:246,order,3,0,marginal,0.4941928525268703,0.006589238033691604,0.09679245743956336,1,False
laya,massive,massive:test:3852,order,3,0,coarse,0.0220022902290229,0.0024446989143358778,0.02200229022902289,0,False
laya,massive,massive:test:3852,order,3,0,flat,0.20430000000000004,0.006810000000000001,0.20430000000000004,0,False
laya,massive,massive:test:3852,order,3,0,marginal,0.0220022902290229,0.0007334096743007633,0.02200229022902289,0,False
laya,massive,massive:test:13181,order,3,0,coarse,0.37314392560743925,0.041460436178604364,0.3606430756924309,0,False
laya,massive,massive:test:13181,order,3,0,flat,0.4727932068737904,0.01575977356245968,0.22509793838543313,1,False
laya,massive,massive:test:13181,order,3,0,marginal,0.3744141290030495,0.012480470966768317,0.17744435823372012,0,False
laya,clinc,clinc:test:8,order,3,0,coarse,0.15822829717028297,0.031645659434056596,0.09681011898810117,1,False
laya,clinc,clinc:test:8,order,3,0,flat,0.5017242962085404,0.006689657282780539,0.24301934837741063,1,False
laya,clinc,clinc:test:8,order,3,0,marginal,0.5142434513897498,0.006856579351863331,0.09323683361600685,0,False
laya,massive,massive:test:3694,order,3,0,coarse,0.0,0.0,0.0,0,True
laya,massive,massive:test:3694,order,3,0,flat,0.0013001400140013803,4.333800046671268e-05,0.0013001400140013608,0,False
laya,massive,massive:test:3694,order,3,0,marginal,0.005102779722027787,0.00017009265740092626,0.005102779722027773,0,False
laya,massive,massive:test:10731,order,3,0,coarse,0.34246556344365564,0.038051729271517294,0.34246556344365564,0,False
laya,massive,massive:test:10731,order,3,0,flat,0.30137012597480506,0.010045670865826835,0.09587870425914817,1,False
laya,massive,massive:test:10731,order,3,0,marginal,0.3424655634436557,0.01141551878145519,0.18851687064093592,1,False
laya,trec,trec:test:337,order,3,0,coarse,0.0002998400159984236,9.994667199947453e-05,0.00029977002299774735,0,False
laya,trec,trec:test:337,order,3,0,flat,0.941076430572229,0.03764305722288916,0.9404761904761905,1,False
laya,trec,trec:test:337,order,3,0,marginal,0.6354111344775892,0.02541644537910357,0.6349065945261034,1,False
laya,massive,massive:test:1516,order,3,0,coarse,0.04681205267956285,0.005201339186618094,0.0468120526795629,0,False
laya,massive,massive:test:1516,order,3,0,flat,0.30395932817753807,0.010131977605917936,0.09344810221097044,1,False
laya,massive,massive:test:1516,order,3,0,marginal,0.12422481750670525,0.004140827250223508,0.12400018325297224,0,False
laya,trec,trec:test:477,order,3,0,coarse,0.0005998700129986801,0.00019995667099956003,0.00059987001299866,0,False
laya,trec,trec:test:477,order,3,0,flat,0.6534662763487187,0.026138651053948747,0.6442633166645666,1,False
laya,trec,trec:test:477,order,3,0,marginal,0.09487244237409634,0.0037948976949638536,0.09397917906379138,0,False
laya,massive,massive:test:17015,order,3,0,coarse,0.15298470152984703,0.016998300169983004,0.14178582141785823,0,False
laya,massive,massive:test:17015,order,3,0,flat,0.3401019676016777,0.011336732253389258,0.10835702007257612,1,False
laya,massive,massive:test:17015,order,3,0,marginal,0.21312284022945263,0.007104094674315087,0.12405963403659631,0,False
laya,clinc,clinc:test:4229,order,3,0,coarse,0.31782686731326865,0.06356537346265373,0.26381943805619446,0,False
laya,clinc,clinc:test:4229,order,3,0,flat,0.9136634625019249,0.012182179500025665,0.9136634625019248,1,False
laya,clinc,clinc:test:4229,order,3,0,marginal,0.47379366878266627,0.006317248917102217,0.14475952888607918,1,False
laya,massive,massive:test:15402,order,3,0,coarse,0.5536704211263379,0.06151893568070421,0.5523705711713516,1,False
laya,massive,massive:test:15402,order,3,0,flat,0.7238796079607962,0.024129320265359872,0.6635675667566757,1,False
laya,massive,massive:test:15402,order,3,0,marginal,0.5536704211263379,0.018455680704211264,0.5042038573652097,1,False
laya,trec,trec:test:479,order,3,0,coarse,0.2061793820617938,0.0687264606872646,0.20617938206179376,0,False
laya,trec,trec:test:479,order,3,0,flat,0.0036007201440287984,0.00014402880576115193,0.0036007201440287906,0,False
laya,trec,trec:test:479,order,3,0,marginal,0.5943533065216069,0.023774132260864275,0.3622537253656111,1,False
laya,trec,trec:test:339,order,3,0,coarse,0.051292239223922356,0.017097413074640785,0.046285738573857316,0,False
laya,trec,trec:test:339,order,3,0,flat,0.5117976204759048,0.020471904819036192,0.5117976204759047,0,False
laya,trec,trec:test:339,order,3,0,marginal,0.8539635754956068,0.03415854301982427,0.8364547299999999,1,False
laya,massive,massive:test:10636,order,3,0,coarse,0.00019999999999998898,2.2222222222220997e-05,0.0002,0,False
laya,massive,massive:test:10636,order,3,0,flat,0.3213461507698461,0.01071153835899487,0.13456910617876425,0,False
laya,massive,massive:test:10636,order,3,0,marginal,0.13095342,0.004365114,0.13095342,0,False
laya,clinc,clinc:test:1253,order,3,0,coarse,0.2856,0.057120000000000004,0.2846000000000001,1,False
laya,clinc,clinc:test:1253,order,3,0,flat,0.4167889357990738,0.005557185810654317,0.2477240431878852,0,False
laya,clinc,clinc:test:1253,order,3,0,marginal,0.45212388539419857,0.006028318471922647,0.26397700837594706,1,False
laya,clinc,clinc:test:2397,order,3,0,coarse,0.09798481151884805,0.01959696230376961,0.09798481151884797,0,False
laya,clinc,clinc:test:2397,order,3,0,flat,0.9803017296589165,0.013070689728785553,0.9803017296589165,1,False
laya,clinc,clinc:test:2397,order,3,0,marginal,0.1062648230652627,0.0014168643075368362,0.09798481151884797,0,False
laya,trec,trec:test:69,order,3,0,coarse,0.013498650134986457,0.004499550044995485,0.013498650134986412,0,False
laya,trec,trec:test:69,order,3,0,flat,0.5854473540848276,0.023417894163393106,0.47565378435161887,1,False
laya,trec,trec:test:69,order,3,0,marginal,0.11400842379280646,0.004560336951712258,0.08708866325788656,0,False
laya,clinc,clinc:test:1469,order,3,0,coarse,0.2756,0.05512,0.2548,0,False
laya,clinc,clinc:test:1469,order,3,0,flat,0.44021124426512276,0.0058694832568683035,0.34155758878503234,0,False
laya,clinc,clinc:test:1469,order,3,0,marginal,0.47224474743021566,0.0062965966324028755,0.11602861641828616,1,False
laya,trec,trec:test:403,order,3,0,coarse,0.04209999999999996,0.01403333333333332,0.042099999999999915,0,False
laya,trec,trec:test:403,order,3,0,flat,0.5704013264391401,0.022816053057565604,0.5704013264391401,1,False
laya,trec,trec:test:403,order,3,0,marginal,0.0429315163607759,0.001717260654431036,0.04289376999999989,0,False
laya,clinc,clinc:test:4265,order,3,0,coarse,0.17895455278674496,0.035790910557348996,0.10513135730456415,0,False
laya,clinc,clinc:test:4265,order,3,0,flat,0.5712319744204637,0.007616426325606183,0.4698207833733014,1,False
laya,clinc,clinc:test:4265,order,3,0,marginal,0.29703691152593603,0.003960492153679147,0.13419180901633962,0,False
laya,clinc,clinc:test:4430,order,3,0,coarse,0.15152593740625941,0.030305187481251883,0.10774282571742833,0,False
laya,clinc,clinc:test:4430,order,3,0,flat,0.5461227937768882,0.00728163725035851,0.4095285434466387,1,False
laya,clinc,clinc:test:4430,order,3,0,marginal,0.30131114837073736,0.004017481978276498,0.11601962729590493,0,False
laya,trec,trec:test:383,order,3,0,coarse,0.0008000000000000115,0.00026666666666667053,0.0008000000000000229,0,False
laya,trec,trec:test:383,order,3,0,flat,0.9635950791237969,0.03854380316495188,0.9635950791237972,1,False
laya,trec,trec:test:383,order,3,0,marginal,0.2122354138261347,0.008489416553045389,0.21107775999999995,0,False
laya,massive,massive:test:6860,order,3,0,coarse,0.1255125512551255,0.013945839028347277,0.1255125512551255,0,False
laya,massive,massive:test:6860,order,3,0,flat,0.6959391878375674,0.023197972927918913,0.6694338867773554,1,False
laya,massive,massive:test:6860,order,3,0,marginal,0.3055772577257726,0.010185908590859086,0.30554350435043504,0,False
laya,clinc,clinc:test:3349,order,3,0,coarse,0.31324035313240356,0.06264807062648071,0.31324035313240356,1,False
laya,clinc,clinc:test:3349,order,3,0,flat,0.9611767060236143,0.01281568941364819,0.9611767060236142,1,False
laya,clinc,clinc:test:3349,order,3,0,marginal,0.41587178410421366,0.005544957121389515,0.3135027465902961,0,False
laya,clinc,clinc:test:1465,order,3,0,coarse,0.15635611438856112,0.031271222877712224,0.07540566943305671,0,False
laya,clinc,clinc:test:1465,order,3,0,flat,0.7456197580241976,0.009941596773655968,0.7301232776722327,1,False
laya,clinc,clinc:test:1465,order,3,0,marginal,0.4117228918038982,0.00548963855738531,0.14338100156281,0,False
laya,massive,massive:test:2957,order,3,0,coarse,0.0,0.0,0.0,0,True
laya,massive,massive:test:2957,order,3,0,flat,0.7701849577018494,0.02567283192339498,0.7701849577018494,1,False
laya,massive,massive:test:2957,order,3,0,marginal,0.18299999999999997,0.006099999999999999,0.18299999999999994,0,False
laya,trec,trec:test:282,order,3,0,coarse,0.024593499349935016,0.008197833116645006,0.02419314931493155,0,False
laya,trec,trec:test:282,order,3,0,flat,0.564097561038055,0.022563902441522198,0.25895796097525675,1,False
laya,trec,trec:test:282,order,3,0,marginal,0.03847314115440691,0.0015389256461762766,0.037393354973497384,0,False
laya,massive,massive:test:3222,order,3,0,coarse,0.36008210357928416,0.04000912261992046,0.2822353129374125,1,False
laya,massive,massive:test:3222,order,3,0,flat,0.2826524128265242,0.009421747094217474,0.15168632151686323,0,False
laya,massive,massive:test:3222,order,3,0,marginal,0.4395113621035265,0.014650378736784216,0.13405131277744453,1,False
laya,clinc,clinc:test:876,order,3,0,coarse,0.13024388561143885,0.02604877712228777,0.08667576242375763,1,False
laya,clinc,clinc:test:876,order,3,0,flat,0.3678852426213106,0.004905136568284141,0.18971580790395198,0,False
laya,clinc,clinc:test:876,order,3,0,marginal,0.5950754192200773,0.007934338922934365,0.11058521998446502,1,False
laya,clinc,clinc:test:2540,order,3,0,coarse,0.14360257143602567,0.028720514287205134,0.08748145087481454,0,False
laya,clinc,clinc:test:2540,order,3,0,flat,0.45216435069479166,0.006028858009263889,0.30090972708187547,1,False
laya,clinc,clinc:test:2540,order,3,0,marginal,0.4148634492440788,0.005531512656587717,0.09562296527622963,0,False
laya,massive,massive:test:4166,order,3,0,coarse,0.35645250474952506,0.03960583386105834,0.25492561743825615,1,False
laya,massive,massive:test:4166,order,3,0,flat,0.35316869257381583,0.011772289752460528,0.07669364571333316,0,False
laya,massive,massive:test:4166,order,3,0,marginal,0.35844746394160587,0.01194824879805353,0.1687097736206379,0,False
laya,clinc,clinc:test:2933,order,3,0,coarse,0.07749225077492251,0.015498450154984503,0.0774922507749225,0,False
laya,clinc,clinc:test:2933,order,3,0,flat,0.450169015302969,0.0060022535373729195,0.24704348744395868,1,False
laya,clinc,clinc:test:2933,order,3,0,marginal,0.07761803356618038,0.0010349071142157385,0.07758377077583778,0,False
laya,trec,trec:test:390,order,3,0,coarse,0.03560479047904798,0.011868263493015993,0.035604790479048076,0,False
laya,trec,trec:test:390,order,3,0,flat,0.4400233887402774,0.017600935549611098,0.17250379072930044,1,False
laya,trec,trec:test:390,order,3,0,marginal,0.23386726319612552,0.009354690527845022,0.23273348644333497,0,False
laya,trec,trec:test:334,order,3,0,coarse,0.05144103051441024,0.017147010171470082,0.03780473037804721,0,False
laya,trec,trec:test:334,order,3,0,flat,0.5407459254074592,0.02162983701629837,0.23287671232876714,1,False
laya,trec,trec:test:334,order,3,0,marginal,0.20412486356889517,0.008164994542755807,0.07602002803992829,0,False
laya,massive,massive:test:4567,order,3,0,coarse,0.000300120024004807,3.334666933386745e-05,0.00030012002400481297,0,False
laya,massive,massive:test:4567,order,3,0,flat,0.3808347251516756,0.012694490838389187,0.15084458970634698,1,False
laya,massive,massive:test:4567,order,3,0,marginal,0.0003090585857171495,1.0301952857238316e-05,0.00030012002400481297,0,False
laya,trec,trec:test:300,order,3,0,coarse,0.03539591040895913,0.011798636802986378,0.03509569043095695,0,False
laya,trec,trec:test:300,order,3,0,flat,0.3241884088408841,0.012967536353635366,0.11079896989698969,0,False
laya,trec,trec:test:300,order,3,0,marginal,0.07173419459855229,0.0028693677839420916,0.07026789897010294,1,False
laya,massive,massive:test:1180,order,3,0,coarse,0.005701740348069605,0.0006335267053410672,0.005501760352070395,0,False
laya,massive,massive:test:1180,order,3,0,flat,0.6040786060407861,0.02013595353469287,0.5856744658567447,0,False
laya,massive,massive:test:1180,order,3,0,marginal,0.0059617053810762065,0.00019872351270254021,0.005501760352070395,0,False
laya,massive,massive:test:14648,order,3,0,coarse,0.14955544037677818,0.016617271152975354,0.0842506231280492,0,False
laya,massive,massive:test:14648,order,3,0,flat,0.3250950049966009,0.010836500166553362,0.09597156661058548,0,False
laya,massive,massive:test:14648,order,3,0,marginal,0.2430729759898879,0.008102432532996263,0.16029583008105913,0,False
laya,clinc,clinc:test:2794,order,3,0,coarse,0.12378762123787626,0.02475752424757525,0.07169283071692832,0,False
laya,clinc,clinc:test:2794,order,3,0,flat,0.5977227772668288,0.007969637030224384,0.25264081644651865,1,False
laya,clinc,clinc:test:2794,order,3,0,marginal,0.33088642370227317,0.0044118189826969755,0.11169165104592364,0,False
laya,trec,trec:test:250,order,3,0,coarse,0.009201290129012923,0.0030670967096709744,0.00920129012901294,0,False
laya,trec,trec:test:250,order,3,0,flat,0.6366127469220726,0.025464509876882903,0.2932009874933099,1,False
laya,trec,trec:test:250,order,3,0,marginal,0.07662847070758388,0.0030651388283033554,0.044552616512272436,0,False
laya,trec,trec:test:459,order,3,0,coarse,0.00529791979197908,0.0017659732639930268,0.004499429942994302,0,False
laya,trec,trec:test:459,order,3,0,flat,0.6019633389590455,0.02407853355836182,0.6008636788790627,0,False
laya,trec,trec:test:459,order,3,0,marginal,0.2182373665402057,0.008729494661608227,0.20846071203220334,1,False
laya,clinc,clinc:test:895,order,3,0,coarse,0.22619999999999998,0.045239999999999995,0.18789999999999996,0,False
laya,clinc,clinc:test:895,order,3,0,flat,0.4610240107050924,0.006146986809401232,0.2612327067714693,1,False
laya,clinc,clinc:test:895,order,3,0,marginal,0.4373167470667858,0.005830889960890477,0.17111345403413453,1,False
laya,trec,trec:test:182,order,3,0,coarse,0.00030024002400235404,0.00010008000800078468,0.0003002400240023073,0,False
laya,trec,trec:test:182,order,3,0,flat,0.5771652957894144,0.02308661183157658,0.18437472959792736,1,False
laya,trec,trec:test:182,order,3,0,marginal,0.08760786911754041,0.0035043147647016164,0.0831877487748775,0,False
laya,massive,massive:test:14461,order,3,0,coarse,0.0952,0.010577777777777778,0.026400000000000007,0,False
laya,massive,massive:test:14461,order,3,0,flat,0.33922404721416427,0.011307468240472142,0.1577987396218866,1,False
laya,massive,massive:test:14461,order,3,0,marginal,0.10467466572274015,0.0034891555240913383,0.026400000000000007,0,False
laya,trec,trec:test:396,order,3,0,coarse,0.006601640164016366,0.002200546721338789,0.0066016401640164035,0,False
laya,trec,trec:test:396,order,3,0,flat,0.7396368741450189,0.029585474965800756,0.738437394013048,1,False
laya,trec,trec:test:396,order,3,0,marginal,0.04239284596448388,0.0016957138385793552,0.03263987686768677,0,False
laya,trec,trec:test:25,order,3,0,coarse,0.014799999999999973,0.004933333333333324,0.014599999999999946,0,False
laya,trec,trec:test:25,order,3,0,flat,0.44950956033884865,0.017980382413553944,0.16835072523957406,0,False
laya,trec,trec:test:25,order,3,0,marginal,0.345783968259108,0.01383135873036432,0.34249430610538945,1,False
laya,clinc,clinc:test:2077,order,3,0,coarse,0.048954625462546246,0.00979092509250925,0.03816016601660166,0,False
laya,clinc,clinc:test:2077,order,3,0,flat,0.718992367615008,0.009586564901533439,0.5901092966241839,1,False
laya,clinc,clinc:test:2077,order,3,0,marginal,0.18275762284042807,0.002436768304539041,0.06804317065560717,0,False
laya,clinc,clinc:test:552,order,3,0,coarse,0.2203220322032203,0.04406440644064406,0.16361636163616367,1,False
laya,clinc,clinc:test:552,order,3,0,flat,0.7019717349448098,0.009359623132597463,0.6638471151193149,1,False
laya,clinc,clinc:test:552,order,3,0,marginal,0.470308568872589,0.006270780918301186,0.1301219914430687,1,False
laya,clinc,clinc:test:4394,order,3,0,coarse,0.1978,0.03956,0.17490000000000006,1,False
laya,clinc,clinc:test:4394,order,3,0,flat,0.5687894857049685,0.0075838598093995796,0.3986434211922428,1,False
laya,clinc,clinc:test:4394,order,3,0,marginal,0.37637439338360446,0.005018325245114726,0.1783058747227128,0,False
laya,massive,massive:test:4831,order,3,0,coarse,0.22214986501349868,0.024683318334833185,0.06979186081391861,1,False
laya,massive,massive:test:4831,order,3,0,flat,0.3894407269970549,0.012981357566568496,0.09741826328654749,1,False
laya,massive,massive:test:4831,order,3,0,marginal,0.22307173857914214,0.007435724619304738,0.0540021097890211,1,False
laya,trec,trec:test:315,order,3,0,coarse,0.0053014501450143955,0.0017671500483381318,0.004601720172016988,0,False
laya,trec,trec:test:315,order,3,0,flat,0.45153305338932215,0.018061322135572887,0.38341723655268944,1,False
laya,trec,trec:test:315,order,3,0,marginal,0.054898002376632525,0.002195920095065301,0.05200553918191808,1,False
laya,clinc,clinc:test:2840,order,3,0,coarse,0.2938706129387061,0.058774122587741215,0.23497650234976503,1,False
laya,clinc,clinc:test:2840,order,3,0,flat,0.3793640322760341,0.005058187097013788,0.1152523682873024,1,False
laya,clinc,clinc:test:2840,order,3,0,marginal,0.6416597273888862,0.008555463031851816,0.23494146585341466,1,False
laya,clinc,clinc:test:3267,order,3,0,coarse,0.10473324667533249,0.020946649335066497,0.0411122887711229,0,False
laya,clinc,clinc:test:3267,order,3,0,flat,0.4529639873013417,0.006039519830684556,0.2915043656732789,0,False
laya,clinc,clinc:test:3267,order,3,0,marginal,0.31684895583679273,0.00422465274449057,0.05744560495760062,0,False
laya,massive,massive:test:13819,order,3,0,coarse,0.34900492149845175,0.03877832461093908,0.34900492149845175,0,False
laya,massive,massive:test:13819,order,3,0,flat,0.8257840968193639,0.027526136560645464,0.4098975595119024,1,False
laya,massive,massive:test:13819,order,3,0,marginal,0.3490049214984517,0.011633497383281724,0.34900492149845175,0,False
laya,clinc,clinc:test:2150,order,3,0,coarse,0.3778845837788459,0.07557691675576918,0.37788458377884593,0,False
laya,clinc,clinc:test:2150,order,3,0,flat,0.6105442176870748,0.008140589569160998,0.39925970388155263,1,False
laya,clinc,clinc:test:2150,order,3,0,marginal,0.5727743109562217,0.0076369908127496226,0.3779313837793139,0,False
laya,trec,trec:test:480,order,3,0,coarse,0.06131417141714174,0.020438057139047245,0.061314171417141794,0,False
laya,trec,trec:test:480,order,3,0,flat,0.4866,0.019464,0.12490000000000001,1,False
laya,trec,trec:test:480,order,3,0,marginal,0.3451033850702318,0.013804135402809272,0.14494411732251533,1,False
laya,massive,massive:test:12839,order,3,0,coarse,0.4179596423949533,0.046439960266105924,0.2918184139949688,1,False
laya,massive,massive:test:12839,order,3,0,flat,0.321135772845431,0.010704525761514367,0.09468106378724254,1,False
laya,massive,massive:test:12839,order,3,0,marginal,0.4192465468232961,0.01397488489410987,0.15911798646563216,1,False
laya,trec,trec:test:36,order,3,0,coarse,0.002000540054005348,0.0006668466846684492,0.0020005400540052953,0,False
laya,trec,trec:test:36,order,3,0,flat,0.6322560570394173,0.025290242281576693,0.47180179925611043,1,False
laya,trec,trec:test:36,order,3,0,marginal,0.1343171178784536,0.005372684715138144,0.12583233966423107,0,False
laya,clinc,clinc:test:989,order,3,0,coarse,0.1703170317031703,0.03406340634063406,0.0947094709470947,1,False
laya,clinc,clinc:test:989,order,3,0,flat,0.358983393629535,0.004786445248393801,0.3260311290899054,0,False
laya,clinc,clinc:test:989,order,3,0,marginal,0.3311933417006889,0.004415911222675852,0.0669732724604545,1,False
laya,massive,massive:test:3441,order,3,0,coarse,0.7482466902959044,0.08313852114398938,0.7482466902959042,1,False
laya,massive,massive:test:3441,order,3,0,flat,0.3460874338434974,0.011536247794783246,0.09127926365117056,1,False
laya,massive,massive:test:3441,order,3,0,marginal,0.7482466902959042,0.024941556343196804,0.39486738017533013,1,False
laya,trec,trec:test:431,order,3,0,coarse,0.03140490049004903,0.010468300163349676,0.03090408040804081,0,False
laya,trec,trec:test:431,order,3,0,flat,0.9967996799679968,0.03987198719871987,0.9967996799679968,1,False
laya,trec,trec:test:431,order,3,0,marginal,0.0377389975151899,0.001509559900607596,0.021017461746174693,0,False
laya,massive,massive:test:10263,order,3,0,coarse,0.07738776122387765,0.008598640135986406,0.06469128087191281,0,False
laya,massive,massive:test:10263,order,3,0,flat,0.46120788301055937,0.015373596100351978,0.28680789823646846,1,False
laya,massive,massive:test:10263,order,3,0,marginal,0.1375722548536384,0.004585741828454613,0.08750116988301171,0,False
laya,clinc,clinc:test:4478,order,3,0,coarse,0.055501439856014405,0.01110028797120288,0.05550143985601441,0,False
laya,clinc,clinc:test:4478,order,3,0,flat,0.2702911033406079,0.003603881377874772,0.21649552700510966,0,False
laya,clinc,clinc:test:4478,order,3,0,marginal,0.05871652723962041,0.0007828870298616055,0.05550143985601441,0,False
laya,clinc,clinc:test:3676,order,3,0,coarse,0.012496010398960105,0.002499202079792021,0.005498550144985502,0,False
laya,clinc,clinc:test:3676,order,3,0,flat,0.6096445524788199,0.008128594033050931,0.4598609217704494,1,False
laya,clinc,clinc:test:3676,order,3,0,marginal,0.0241032951449437,0.0003213772685992493,0.0057796783271672845,0,False
laya,clinc,clinc:test:1772,order,3,0,coarse,0.19603612638736123,0.039207225277472245,0.0792022597740226,1,False
laya,clinc,clinc:test:1772,order,3,0,flat,0.5277704147926037,0.007036938863901382,0.5098624187906049,0,False
laya,clinc,clinc:test:1772,order,3,0,marginal,0.42215521015003743,0.005628736135333832,0.12095211803943434,1,False
laya,massive,massive:test:1252,order,3,0,coarse,0.019000449955004495,0.0021111611061116107,0.019000449955004495,0,False
laya,massive,massive:test:1252,order,3,0,flat,0.44983005699430056,0.014994335233143353,0.2158774622537746,1,False
laya,massive,massive:test:1252,order,3,0,marginal,0.0923179191630837,0.00307726397210279,0.09231791916308374,0,False
laya,trec,trec:test:92,order,3,0,coarse,0.09997415941542474,0.03332471980514158,0.09997415941542476,0,False
laya,trec,trec:test:92,order,3,0,flat,0.355764796479648,0.01423059185918592,0.0854995199519952,0,False
laya,trec,trec:test:92,order,3,0,marginal,0.5919536662837362,0.02367814665134945,0.5913946004130208,1,False
laya,trec,trec:test:161,order,3,0,coarse,0.012800000000000014,0.004266666666666671,0.012800000000000034,0,False
laya,trec,trec:test:161,order,3,0,flat,0.3750762678834157,0.015003050715336627,0.23042511675203026,0,False
laya,trec,trec:test:161,order,3,0,marginal,0.013055542540530504,0.0005222217016212201,0.006028197180281969,0,False
laya,massive,massive:test:1413,order,3,0,coarse,0.7034734573457344,0.07816371748285939,0.6014607560756076,1,False
laya,massive,massive:test:1413,order,3,0,flat,0.4905503300660131,0.016351677668867103,0.22275779155831166,1,False
laya,massive,massive:test:1413,order,3,0,marginal,0.7034856312351233,0.023449521041170776,0.359853970360036,1,False
laya,clinc,clinc:test:2406,order,3,0,coarse,0.21527847215278478,0.04305569443055696,0.18318168183181693,1,False
laya,clinc,clinc:test:2406,order,3,0,flat,0.48962503810344604,0.00652833384137928,0.23622860152552116,0,False
laya,clinc,clinc:test:2406,order,3,0,marginal,0.5521054000880565,0.007361405334507421,0.3379862116230378,1,False
laya,massive,massive:test:15513,order,3,0,coarse,0.6086746349269854,0.06763051499188727,0.6024732146429285,1,False
laya,massive,massive:test:15513,order,3,0,flat,0.8162184563087382,0.02720728187695794,0.6474021795640874,1,False
laya,massive,massive:test:15513,order,3,0,marginal,0.6086877396111287,0.020289591320370955,0.5910758351670335,1,False
laya,trec,trec:test:438,order,3,0,coarse,0.004101990041019931,0.0013673300136733105,0.004101990041019965,0,False
laya,trec,trec:test:438,order,3,0,flat,0.2589146543963189,0.010356586175852755,0.2550151945583676,1,False
laya,trec,trec:test:438,order,3,0,marginal,0.03272858315122237,0.0013091433260488947,0.0326871617968717,1,False
laya,trec,trec:test:194,order,3,0,coarse,0.24087006299370065,0.08029002099790021,0.24087006299370062,0,False
laya,trec,trec:test:194,order,3,0,flat,0.6790581525542336,0.027162326102169346,0.5499084574627611,1,False
laya,trec,trec:test:194,order,3,0,marginal,0.24091099852707265,0.009636439941082906,0.08481934827978146,0,False
laya,trec,trec:test:325,order,3,0,coarse,0.33826617338266163,0.11275539112755388,0.3382661733826617,1,False
laya,trec,trec:test:325,order,3,0,flat,0.25477452254774535,0.010190980901909815,0.07219278072192781,0,False
laya,trec,trec:test:325,order,3,0,marginal,0.3480640953349982,0.013922563813399928,0.15971092822724525,1,False
laya,clinc,clinc:test:2267,order,3,0,coarse,0.16526360165263604,0.03305272033052721,0.08092441080924409,0,False
laya,clinc,clinc:test:2267,order,3,0,flat,0.5514718833649627,0.007352958444866169,0.3495755195010125,1,False
laya,clinc,clinc:test:2267,order,3,0,marginal,0.4212804455550596,0.0056170726074007945,0.09086260917357789,0,False
laya,clinc,clinc:test:2915,order,3,0,coarse,0.025388080253880767,0.005077616050776153,0.02538808025388073,0,False
laya,clinc,clinc:test:2915,order,3,0,flat,0.9744791914883613,0.012993055886511484,0.9739772195616119,1,False
laya,clinc,clinc:test:2915,order,3,0,marginal,0.03196991633734306,0.0004262655511645741,0.023958645749586394,0,False
laya,massive,massive:test:14859,order,3,0,coarse,0.2748246675332467,0.030536074170360743,0.21055720427957206,0,False
laya,massive,massive:test:14859,order,3,0,flat,0.7673303878448621,0.025577679594828737,0.7649273490603758,1,False
laya,massive,massive:test:14859,order,3,0,marginal,0.27520010814673723,0.009173336938224575,0.09321007899210078,1,False
laya,clinc,clinc:test:987,order,3,0,coarse,0.16260000000000002,0.03252000000000001,0.11920000000000003,0,False
laya,clinc,clinc:test:987,order,3,0,flat,0.4001628162816281,0.005335504217088375,0.1606161816181618,1,False
laya,clinc,clinc:test:987,order,3,0,marginal,0.37336311520403664,0.004978174869387155,0.055347600168016785,0,False
laya,massive,massive:test:484,order,1,0,coarse,0.17670000000000008,0.019633333333333343,0.17610000000000026,0,False
laya,massive,massive:test:484,order,1,0,flat,0.4701529847015299,0.015671766156717663,0.18448155184481554,1,False
laya,massive,massive:test:484,order,1,0,marginal,0.17715743058805888,0.005905247686268629,0.10471055664966511,0,False
laya,clinc,clinc:test:522,order,1,0,coarse,0.3558995142359806,0.07117990284719612,0.2884986115399445,1,False
laya,clinc,clinc:test:522,order,1,0,flat,0.5971108905642505,0.007961478540856673,0.4694851378244341,1,False
laya,clinc,clinc:test:522,order,1,0,marginal,0.5443555471751516,0.007258073962335354,0.3244231843073828,1,False
laya,trec,trec:test:141,order,1,0,coarse,0.03689606039396063,0.012298686797986876,0.03689606039396065,0,False
laya,trec,trec:test:141,order,1,0,flat,0.008104082047024612,0.00032416328188098446,0.008104082047024508,0,False
laya,trec,trec:test:141,order,1,0,marginal,0.25601362289818264,0.010240544915927305,0.2560132328201672,0,False
laya,trec,trec:test:138,order,1,0,coarse,0.12635331466853314,0.04211777155617771,0.12635331466853317,0,False
laya,trec,trec:test:138,order,1,0,flat,0.0725782265320404,0.0029031290612816156,0.07257822653204038,0,False
laya,trec,trec:test:138,order,1,0,marginal,0.1347734737546245,0.005390938950184981,0.05824500897410259,0,False
laya,trec,trec:test:234,order,1,0,coarse,0.16284196580341967,0.05428065526780656,0.10036882311768827,1,False
laya,trec,trec:test:234,order,1,0,flat,0.5821164232846571,0.02328465693138628,0.29045809161832364,1,False
laya,trec,trec:test:234,order,1,0,marginal,0.27331624262329063,0.010932649704931624,0.09294873857545263,1,False
laya,massive,massive:test:4671,order,1,0,coarse,0.31119799979998003,0.03457755553333111,0.3111979997999801,0,False
laya,massive,massive:test:4671,order,1,0,flat,0.4091783478347835,0.013639278261159451,0.14949890989098907,1,False
laya,massive,massive:test:4671,order,1,0,marginal,0.37427289008199577,0.012475763002733193,0.1674266487448745,1,False
laya,massive,massive:test:11903,order,1,0,coarse,0.2174276655331066,0.024158629503678513,0.1299974394878975,0,False
laya,massive,massive:test:11903,order,1,0,flat,0.3908415276032521,0.013028050920108402,0.15104851391430227,1,False
laya,massive,massive:test:11903,order,1,0,marginal,0.24126975844141677,0.008042325281380559,0.0871860972194439,0,False
laya,trec,trec:test:393,order,1,0,coarse,0.006800680068006756,0.0022668933560022523,0.005600560056005602,0,False
laya,trec,trec:test:393,order,1,0,flat,0.592,0.02368,0.26280000000000003,1,False
laya,trec,trec:test:393,order,1,0,marginal,0.1578580524086056,0.006314322096344224,0.13671960198832023,0,False
laya,massive,massive:test:10226,order,1,0,coarse,0.0,0.0,0.0,0,True
laya,massive,massive:test:10226,order,1,0,flat,0.8736966655440087,0.02912322218480029,0.871298905920151,1,False
laya,massive,massive:test:10226,order,1,0,marginal,0.0684,0.00228,0.06840000000000002,0,False
laya,trec,trec:test:39,order,1,0,coarse,0.32866143385661434,0.10955381128553811,0.3286614338566143,0,False
laya,trec,trec:test:39,order,1,0,flat,0.551452766305686,0.022058110652227438,0.3120692831697026,1,False
laya,trec,trec:test:39,order,1,0,marginal,0.3988124582082175,0.0159524983283287,0.23851247480340465,0,False
laya,massive,massive:test:15970,order,1,0,coarse,0.0,0.0,0.0,0,True
laya,massive,massive:test:15970,order,1,0,flat,0.5167501099780045,0.017225003665933485,0.23370683863227362,1,False
laya,massive,massive:test:15970,order,1,0,marginal,0.07207443744374438,0.0024024812481248125,0.07207443744374437,1,False
laya,clinc,clinc:test:246,order,1,0,coarse,0.2257234876512349,0.04514469753024698,0.1852058494150585,1,False
laya,clinc,clinc:test:246,order,1,0,flat,0.347761789970722,0.004636823866276293,0.1053579673378091,0,False
laya,clinc,clinc:test:246,order,1,0,marginal,0.5130602973565297,0.0068408039647537295,0.08577967276979673,1,False
laya,massive,massive:test:3852,order,1,0,coarse,0.19630000000000003,0.021811111111111114,0.19630000000000003,0,False
laya,massive,massive:test:3852,order,1,0,flat,0.20369975990396166,0.006789991996798722,0.20369975990396172,0,False
laya,massive,massive:test:3852,order,1,0,marginal,0.19630000000000003,0.006543333333333334,0.19630000000000003,0,False
laya,massive,massive:test:13181,order,1,0,coarse,0.21965587441255877,0.024406208268062085,0.15970710928907111,0,False
laya,massive,massive:test:13181,order,1,0,flat,0.3843026591893535,0.012810088639645117,0.11382384999880824,1,False
laya,massive,massive:test:13181,order,1,0,marginal,0.234988109523219,0.0078329369841073,0.08063410432156785,0,False
laya,clinc,clinc:test:8,order,1,0,coarse,0.12367801780178017,0.024735603560356034,0.10379057905790577,1,False
laya,clinc,clinc:test:8,order,1,0,flat,0.4096776329450401,0.005462368439267201,0.0895989484068517,1,False
laya,clinc,clinc:test:8,order,1,0,marginal,0.36775903808530375,0.004903453841137383,0.06489240774110014,0,False
laya,massive,massive:test:3694,order,1,0,coarse,0.0,0.0,0.0,0,True
laya,massive,massive:test:3694,order,1,0,flat,0.001300130013001261,4.333766710004203e-05,0.0013001300130012217,0,False
laya,massive,massive:test:3694,order,1,0,marginal,0.005500000000000031,0.00018333333333333437,0.005499999999999998,0,False
laya,massive,massive:test:10731,order,1,0,coarse,0.31187108243784695,0.0346523424930941,0.30707302195195385,0,False
laya,massive,massive:test:10731,order,1,0,flat,0.3730383561643837,0.012434611872146123,0.1219867413258674,1,False
laya,massive,massive:test:10731,order,1,0,marginal,0.31718331118869453,0.01057277703962315,0.1420473597851172,1,False
laya,trec,trec:test:337,order,1,0,coarse,0.011801640118016416,0.0039338800393388055,0.011801640118016432,0,False
laya,trec,trec:test:337,order,1,0,flat,0.7009260558537984,0.028037042234151936,0.6780137412429226,1,False
laya,trec,trec:test:337,order,1,0,marginal,0.5610313488589358,0.02244125395435743,0.549032509303004,1,False
laya,massive,massive:test:1516,order,1,0,coarse,0.5967349459673496,0.06630388288526107,0.5967349459673496,0,False
laya,massive,massive:test:1516,order,1,0,flat,0.3218208716513395,0.010727362388377983,0.0752045581767293,0,False
laya,massive,massive:test:1516,order,1,0,marginal,0.5967349459673496,0.019891164865578317,0.3644857049968571,0,False
laya,trec,trec:test:477,order,1,0,coarse,0.0007001400140014134,0.00023338000466713782,0.0007001400140014269,0,False
laya,trec,trec:test:477,order,1,0,flat,0.7309052273090523,0.02923620909236209,0.7309052073090521,1,False
laya,trec,trec:test:477,order,1,0,marginal,0.04456859549965169,0.0017827438199860676,0.04222854285428512,0,False
laya,massive,massive:test:17015,order,1,0,coarse,0.3144064669348229,0.034934051881646985,0.30330955702189333,0,False
laya,massive,massive:test:17015,order,1,0,flat,0.42674423357190167,0.014224807785730055,0.11527879190852836,1,False
laya,massive,massive:test:17015,order,1,0,marginal,0.3234246967111651,0.010780823223705502,0.13197551475498576,0,False
laya,clinc,clinc:test:4229,order,1,0,coarse,0.15990000000000001,0.03198,0.13000000000000006,0,False
laya,clinc,clinc:test:4229,order,1,0,flat,0.983299415407267,0.013110658872096892,0.983299415407267,1,False
laya,clinc,clinc:test:4229,order,1,0,marginal,0.42113156194441126,0.00561508749259215,0.1357818584818482,1,False
laya,massive,massive:test:15402,order,1,0,coarse,0.11002351895330652,0.01222483543925628,0.10151666775777579,1,False
laya,massive,massive:test:15402,order,1,0,flat,0.5036649605118465,0.01678883201706155,0.27421397580725787,1,False
laya,massive,massive:test:15402,order,1,0,marginal,0.11002351895330649,0.003667450631776883,0.10151666775777579,1,False
laya,trec,trec:test:479,order,1,0,coarse,0.04849515048495148,0.016165050161650495,0.04849515048495143,0,False
laya,trec,trec:test:479,order,1,0,flat,0.044408881776355325,0.001776355271054213,0.04440888177635538,0,False
laya,trec,trec:test:479,order,1,0,marginal,0.46484999573313684,0.018593999829325473,0.2679774922507749,1,False
laya,trec,trec:test:339,order,1,0,coarse,0.14960392960703928,0.04986797653567976,0.14960392960703928,0,False
laya,trec,trec:test:339,order,1,0,flat,0.6083783243351331,0.024335132973405324,0.4023195360927815,1,False
laya,trec,trec:test:339,order,1,0,marginal,0.9398967341795821,0.03759586936718328,0.9398586596070393,1,False
laya,massive,massive:test:10636,order,1,0,coarse,0.0,0.0,0.0,0,True
laya,massive,massive:test:10636,order,1,0,flat,0.4810037992401519,0.01603345997467173,0.2999400119976004,1,False
laya,massive,massive:test:10636,order,1,0,marginal,0.07420000000000002,0.002473333333333334,0.07420000000000004,0,False
laya,clinc,clinc:test:1253,order,1,0,coarse,0.31889999999999996,0.06377999999999999,0.3087999999999999,0,False
laya,clinc,clinc:test:1253,order,1,0,flat,0.2614738526147386,0.0034863180348631813,0.07569243075692444,0,False
laya,clinc,clinc:test:1253,order,1,0,marginal,0.48606961789518116,0.006480928238602415,0.15426148622237779,1,False
laya,clinc,clinc:test:2397,order,1,0,coarse,0.07518735126487343,0.015037470252974685,0.07428718128187162,0,False
laya,clinc,clinc:test:2397,order,1,0,flat,0.7444693518245695,0.009926258024327594,0.6889436081396862,1,False
laya,clinc,clinc:test:2397,order,1,0,marginal,0.08768611198549213,0.0011691481598065617,0.07437436256374341,0,False
laya,trec,trec:test:69,order,1,0,coarse,0.015297680231976776,0.0050992267439922585,0.015297680231976751,0,False
laya,trec,trec:test:69,order,1,0,flat,0.4813413827167848,0.019253655308671392,0.4808399124076788,0,False
laya,trec,trec:test:69,order,1,0,marginal,0.05864384098485199,0.0023457536393940797,0.03418254751924808,0,False
laya,clinc,clinc:test:1469,order,1,0,coarse,0.3113401759824018,0.062268035196480366,0.26791938806119386,1,False
laya,clinc,clinc:test:1469,order,1,0,flat,0.3250029292072551,0.004333372389430068,0.176135896978456,0,False
laya,clinc,clinc:test:1469,order,1,0,marginal,0.48029265342640154,0.0064039020456853534,0.12991528847115288,1,False
laya,trec,trec:test:403,order,1,0,coarse,0.04929999999999995,0.016433333333333317,0.0492999999999999,0,False
laya,trec,trec:test:403,order,1,0,flat,0.44973492047614283,0.017989396819045714,0.43763128938681606,0,False
laya,trec,trec:test:403,order,1,0,marginal,0.049330031072164784,0.0019732012428865914,0.02600574999999994,0,False
laya,clinc,clinc:test:4265,order,1,0,coarse,0.2886863372674534,0.057737267453490684,0.28769039807961594,0,False
laya,clinc,clinc:test:4265,order,1,0,flat,0.6043395591403726,0.008057860788538302,0.41214553347326144,1,False
laya,clinc,clinc:test:4265,order,1,0,marginal,0.45532224421738277,0.006070963256231771,0.28775171012004624,1,False
laya,clinc,clinc:test:4430,order,1,0,coarse,0.29824755048990204,0.059649510097980404,0.29824755048990215,0,False
laya,clinc,clinc:test:4430,order,1,0,flat,0.3720116034810444,0.004960154713080592,0.11703511053315993,0,False
laya,clinc,clinc:test:4430,order,1,0,marginal,0.3596789586365015,0.0047957194484866865,0.29824755048990215,0,False
laya,trec,trec:test:383,order,1,0,coarse,0.00029982998299828205,9.994332766609402e-05,0.00010008000800080011,0,False
laya,trec,trec:test:383,order,1,0,flat,0.1300255349659508,0.0052010213986380316,0.1291251848449112,0,False
laya,trec,trec:test:383,order,1,0,marginal,0.25655679244434154,0.010262271697773662,0.244132904230423,1,False
laya,massive,massive:test:6860,order,1,0,coarse,0.1088043784872636,0.012089375387473733,0.10860429846125563,0,False
laya,massive,massive:test:6860,order,1,0,flat,0.7310072831321237,0.024366909437737456,0.6852537457406506,1,False
laya,massive,massive:test:6860,order,1,0,marginal,0.10880730268985689,0.003626910089661896,0.05848341472138613,0,False
laya,clinc,clinc:test:3349,order,1,0,coarse,0.17801339866013402,0.035602679732026805,0.10516618338166181,0,False
laya,clinc,clinc:test:3349,order,1,0,flat,0.5619371622973786,0.0074924954972983805,0.555333199919952,0,False
laya,clinc,clinc:test:3349,order,1,0,marginal,0.35183542257059164,0.004691138967607889,0.12298867172988671,0,False
laya,clinc,clinc:test:1465,order,1,0,coarse,0.1616156320780639,0.03232312641561278,0.15373399672630222,0,False
laya,clinc,clinc:test:1465,order,1,0,flat,0.7306205179482052,0.009741606905976068,0.7238232776722328,1,False
laya,clinc,clinc:test:1465,order,1,0,marginal,0.26812097578924593,0.0035749463438566123,0.14061512370658558,0,False
laya,massive,massive:test:2957,order,1,0,coarse,0.0,0.0,0.0,0,True
laya,massive,massive:test:2957,order,1,0,flat,0.6573720765737207,0.021912402552457355,0.6561735565617355,0,False
laya,massive,massive:test:2957,order,1,0,marginal,0.3349,0.011163333333333332,0.3349,0,False
laya,trec,trec:test:282,order,1,0,coarse,0.08639999999999998,0.028799999999999992,0.08639999999999992,0,False
laya,trec,trec:test:282,order,1,0,flat,0.39570426395704256,0.0158281705582817,0.2100584521005845,0,False
laya,trec,trec:test:282,order,1,0,marginal,0.08729882821379614,0.0034919531285518457,0.0483321599999999,0,False
laya,massive,massive:test:3222,order,1,0,coarse,0.3732,0.041466666666666666,0.2648999999999999,0,False
laya,massive,massive:test:3222,order,1,0,flat,0.5112749474947496,0.017042498249824987,0.4851507450745075,1,False
laya,massive,massive:test:3222,order,1,0,marginal,0.3798613105081207,0.012662043683604024,0.12199330760523942,0,False
laya,clinc,clinc:test:876,order,1,0,coarse,0.15196923922823152,0.030393847845646305,0.06823282015395382,1,False
laya,clinc,clinc:test:876,order,1,0,flat,0.6650601183356508,0.008867468244475344,0.6579600493454689,1,False
laya,clinc,clinc:test:876,order,1,0,marginal,0.5333650547053621,0.007111534062738161,0.11276473075775496,1,False
laya,clinc,clinc:test:2540,order,1,0,coarse,0.1542845715428457,0.030856914308569138,0.07269273072692728,1,False
laya,clinc,clinc:test:2540,order,1,0,flat,0.6804296313667437,0.009072395084889917,0.5959709885713493,1,False
laya,clinc,clinc:test:2540,order,1,0,marginal,0.3685553609194043,0.0049140714789253906,0.09565746226791519,0,False
laya,massive,massive:test:4166,order,1,0,coarse,0.3813189438131894,0.04236877153479882,0.20346877203468783,1,False
laya,massive,massive:test:4166,order,1,0,flat,0.40449283068491226,0.013483094356163742,0.19223633970403237,1,False
laya,massive,massive:test:4166,order,1,0,marginal,0.3955545586395457,0.013185151954651524,0.05531213313212134,0,False
laya,clinc,clinc:test:2933,order,1,0,coarse,0.08019151084891508,0.01603830216978302,0.08019151084891507,0,False
laya,clinc,clinc:test:2933,order,1,0,flat,0.4899238773647319,0.0065323183648630925,0.29236009218045234,1,False
laya,clinc,clinc:test:2933,order,1,0,marginal,0.08028303084983036,0.0010704404113310716,0.08008395094183962,0,False
laya,trec,trec:test:390,order,1,0,coarse,0.03730585037305854,0.012435283457686179,0.03730585037305856,0,False
laya,trec,trec:test:390,order,1,0,flat,0.7397242551489702,0.029588970205958808,0.7068208158368326,1,False
laya,trec,trec:test:390,order,1,0,marginal,0.29234607559048736,0.011693843023619494,0.29184496531844967,0,False
laya,trec,trec:test:334,order,1,0,coarse,0.05144103051441024,0.017147010171470082,0.03780473037804721,0,False
laya,trec,trec:test:334,order,1,0,flat,0.4112588741125887,0.016450354964503547,0.20807919208079195,1,False
laya,trec,trec:test:334,order,1,0,marginal,0.09649198953923675,0.00385967958156947,0.04338517913385173,0,False
laya,massive,massive:test:4567,order,1,0,coarse,0.0001,1.1111111111111112e-05,0.0001,0,False
laya,massive,massive:test:4567,order,1,0,flat,0.5630773272229771,0.018769244240765905,0.21585109035641192,1,False
laya,massive,massive:test:4567,order,1,0,marginal,9.999999999999999e-05,3.333333333333333e-06,0.0001,0,False
laya,trec,trec:test:300,order,1,0,coarse,0.002600539946005399,0.0008668466486684663,0.002600539946005398,0,False
laya,trec,trec:test:300,order,1,0,flat,0.5797888688868887,0.02319155475547555,0.369543494349435,1,False
laya,trec,trec:test:300,order,1,0,marginal,0.055982385728862875,0.002239295429154515,0.055890056754324624,1,False
laya,massive,massive:test:1180,order,1,0,coarse,0.012298200065970625,0.0013664666739967362,0.0091990800919908,0,False
laya,massive,massive:test:1180,order,1,0,flat,0.507637476405109,0.016921249213503634,0.48300294936512245,0,False
laya,massive,massive:test:1180,order,1,0,marginal,0.012298200065970627,0.0004099400021990209,0.006596699801914241,0,False
laya,massive,massive:test:14648,order,1,0,coarse,0.4355987488370912,0.04839986098189902,0.3437572311520294,1,False
laya,massive,massive:test:14648,order,1,0,flat,0.29022820717928216,0.00967427357264274,0.044001009899010096,0,False
laya,massive,massive:test:14648,order,1,0,marginal,0.43816997433910215,0.014605665811303405,0.23972585199431767,1,False
laya,clinc,clinc:test:2794,order,1,0,coarse,0.20706932207069323,0.04141386441413865,0.14281849142818492,0,False
laya,clinc,clinc:test:2794,order,1,0,flat,0.4008808133425788,0.005345077511234384,0.16061915053271203,0,False
laya,clinc,clinc:test:2794,order,1,0,marginal,0.5104257622232466,0.006805676829643289,0.3386694729266487,1,False
laya,trec,trec:test:250,order,1,0,coarse,0.011001100110011104,0.0036670333700037014,0.011001100110011208,0,False
laya,trec,trec:test:250,order,1,0,flat,0.6245633409977006,0.024982533639908024,0.3136054083774868,1,False
laya,trec,trec:test:250,order,1,0,marginal,0.1944218972739105,0.00777687589095642,0.18060790855563216,1,False
laya,trec,trec:test:459,order,1,0,coarse,0.01679934946885371,0.00559978315628457,0.016799349468853753,0,False
laya,trec,trec:test:459,order,1,0,flat,0.5955082059550821,0.023820328238203285,0.582990595829906,0,False
laya,trec,trec:test:459,order,1,0,marginal,0.07358328161284394,0.0029433312645137577,0.07106357010576037,0,False
laya,clinc,clinc:test:895,order,1,0,coarse,0.1499280471952805,0.0299856094390561,0.10541260873912608,0,False
laya,clinc,clinc:test:895,order,1,0,flat,0.3179206613013927,0.004238942150685236,0.2731949028750173,0,False
laya,clinc,clinc:test:895,order,1,0,marginal,0.459462442879227,0.00612616590505636,0.08909244880792448,1,False
laya,trec,trec:test:182,order,1,0,coarse,0.0008000000000000114,0.0002666666666666705,0.0008000000000000229,0,False
laya,trec,trec:test:182,order,1,0,flat,0.3329397840981672,0.01331759136392669,0.07367451798257144,0,False
laya,trec,trec:test:182,order,1,0,marginal,0.10164563416681305,0.004065825366672522,0.10155220770552209,0,False
laya,massive,massive:test:14461,order,1,0,coarse,0.3172,0.03524444444444444,0.2763,0,False
laya,massive,massive:test:14461,order,1,0,flat,0.35586406348861965,0.011862135449620654,0.07653948019222284,1,False
laya,massive,massive:test:14461,order,1,0,marginal,0.32037126073807387,0.010679042024602462,0.10585081000000002,0,False
laya,trec,trec:test:396,order,1,0,coarse,0.03190000000000002,0.01063333333333334,0.03190000000000004,0,False
laya,trec,trec:test:396,order,1,0,flat,0.8148151947768262,0.03259260779107305,0.814815194776826,1,False
laya,trec,trec:test:396,order,1,0,marginal,0.04263328453597466,0.0017053313814389863,0.017981129213078706,0,False
laya,trec,trec:test:25,order,1,0,coarse,0.30279999999999996,0.10093333333333332,0.30279999999999996,0,False
laya,trec,trec:test:25,order,1,0,flat,0.5263579073722117,0.021054316294888468,0.15424627388216464,1,False
laya,trec,trec:test:25,order,1,0,marginal,0.30303300292933005,0.012121320117173201,0.15944009599040096,0,False
laya,clinc,clinc:test:2077,order,1,0,coarse,0.46546010601060106,0.0930920212021202,0.45176318631863194,1,False
laya,clinc,clinc:test:2077,order,1,0,flat,0.525877492692235,0.007011699902563134,0.42121660635144964,1,False
laya,clinc,clinc:test:2077,order,1,0,marginal,0.5279693375834484,0.007039591167779313,0.4028956254647807,1,False
laya,clinc,clinc:test:552,order,1,0,coarse,0.16297799162977994,0.03259559832595599,0.12334301123343014,1,False
laya,clinc,clinc:test:552,order,1,0,flat,0.539343099031075,0.007191241320414334,0.3483594277459059,1,False
laya,clinc,clinc:test:552,order,1,0,marginal,0.442361070310642,0.005898147604141893,0.07031962214890711,0,False
laya,clinc,clinc:test:4394,order,1,0,coarse,0.17319999999999997,0.03463999999999999,0.09610000000000002,1,False
laya,clinc,clinc:test:4394,order,1,0,flat,0.45028497953463753,0.0060037997271285,0.2133628224895354,1,False
laya,clinc,clinc:test:4394,order,1,0,marginal,0.36832864256861364,0.004911048567581515,0.1324061886225868,1,False
laya,massive,massive:test:4831,order,1,0,coarse,0.3481245234812453,0.03868050260902725,0.10491277104912772,1,False
laya,massive,massive:test:4831,order,1,0,flat,0.3968190457137141,0.013227301523790471,0.05211563469040712,1,False
laya,massive,massive:test:4831,order,1,0,marginal,0.3482271826342718,0.011607572754475727,0.0744923907449239,1,False
laya,trec,trec:test:315,order,1,0,coarse,0.006099999999999942,0.002033333333333314,0.006099999999999883,0,False
laya,trec,trec:test:315,order,1,0,flat,0.25084476952763896,0.010033790781105558,0.15636038542016517,1,False
laya,trec,trec:test:315,order,1,0,marginal,0.0728904772817862,0.0029156190912714482,0.05803777759424045,1,False
laya,clinc,clinc:test:2840,order,1,0,coarse,0.13114025597440257,0.026228051194880513,0.0595855514448555,0,False
laya,clinc,clinc:test:2840,order,1,0,flat,0.5237904838064775,0.0069838731174197005,0.19792083166733307,1,False
laya,clinc,clinc:test:2840,order,1,0,marginal,0.420312258932101,0.005604163452428013,0.11196187244761871,0,False
laya,clinc,clinc:test:3267,order,1,0,coarse,0.20059747200597466,0.04011949440119493,0.1648443416484434,1,False
laya,clinc,clinc:test:3267,order,1,0,flat,0.4352448636828503,0.005803264849104671,0.26004939090750967,0,False
laya,clinc,clinc:test:3267,order,1,0,marginal,0.5130240130786171,0.006840320174381562,0.16951984556419847,1,False
laya,massive,massive:test:13819,order,1,0,coarse,0.3491050315094528,0.03878944794549476,0.3491050315094528,0,False
laya,massive,massive:test:13819,order,1,0,flat,0.4479380876175236,0.014931269587250785,0.07571976395279056,1,False
laya,massive,massive:test:13819,order,1,0,marginal,0.3491050315094527,0.011636834383648424,0.3491050315094528,0,False
laya,clinc,clinc:test:2150,order,1,0,coarse,0.24457651765176522,0.048915303530353046,0.2040611861186119,0,False
laya,clinc,clinc:test:2150,order,1,0,flat,0.5753865902796762,0.007671821203729016,0.4268751304902399,1,False
laya,clinc,clinc:test:2150,order,1,0,marginal,0.37837147331867693,0.005044952977582359,0.20422433874913798,0,False
laya,trec,trec:test:480,order,1,0,coarse,0.11338852885288526,0.03779617628429509,0.10958582858285826,0,False
laya,trec,trec:test:480,order,1,0,flat,0.4234535307061412,0.01693814122824565,0.12439791958391679,1,False
laya,trec,trec:test:480,order,1,0,marginal,0.3051096491231864,0.012204385964927456,0.07993954382023453,1,False
laya,massive,massive:test:12839,order,1,0,coarse,0.5134654265426543,0.05705171406029492,0.5002674867486749,0,False
laya,massive,massive:test:12839,order,1,0,flat,0.3557828496319342,0.011859428321064474,0.0762291174854956,1,False
laya,massive,massive:test:12839,order,1,0,marginal,0.5134654265426544,0.01711551421808848,0.17412569956725704,1,False
laya,trec,trec:test:36,order,1,0,coarse,0.008698790120987872,0.0028995967069959574,0.008698790120987843,0,False
laya,trec,trec:test:36,order,1,0,flat,0.6424642464246424,0.025698569856985695,0.5373537353735374,1,False
laya,trec,trec:test:36,order,1,0,marginal,0.21303124546149982,0.008521249818459992,0.2042478014358564,0,False
laya,clinc,clinc:test:989,order,1,0,coarse,0.10821082108210821,0.021642164216421643,0.045204520452045205,0,False
laya,clinc,clinc:test:989,order,1,0,flat,0.7556857216929159,0.010075809622572212,0.7401298780795184,0,False
laya,clinc,clinc:test:989,order,1,0,marginal,0.28608596017944443,0.0038144794690592593,0.05968745786460135,0,False
laya,massive,massive:test:3441,order,1,0,coarse,0.04329323043293231,0.004810358936992479,0.04329323043293232,0,False
laya,massive,massive:test:3441,order,1,0,flat,0.3694219899663228,0.012314066332210761,0.13124157371712272,1,False
laya,massive,massive:test:3441,order,1,0,marginal,0.048965403367653995,0.0016321801122551331,0.04799347130793474,0,False
laya,trec,trec:test:431,order,1,0,coarse,0.015100000000000002,0.005033333333333334,0.015100000000000002,0,False
laya,trec,trec:test:431,order,1,0,flat,0.08609139086091391,0.0034436556344365566,0.08609139086091389,0,False
laya,trec,trec:test:431,order,1,0,marginal,0.016160040000000004,0.0006464016000000002,0.01462825000000001,0,False
laya,massive,massive:test:10263,order,1,0,coarse,0.0982992199219922,0.010922135546888022,0.0982992199219922,0,False
laya,massive,massive:test:10263,order,1,0,flat,0.3870001248300112,0.012900004161000374,0.20687179861846183,0,False
laya,massive,massive:test:10263,order,1,0,marginal,0.09838846421889336,0.003279615473963112,0.0495146821958945,0,False
laya,clinc,clinc:test:4478,order,1,0,coarse,0.22697031296870313,0.045394062593740625,0.22697031296870318,0,False
laya,clinc,clinc:test:4478,order,1,0,flat,0.733274084686883,0.009776987795825108,0.5378307708842571,1,False
laya,clinc,clinc:test:4478,order,1,0,marginal,0.23027482221409562,0.003070330962854608,0.22697031296870318,0,False
laya,clinc,clinc:test:3676,order,1,0,coarse,0.02310000000000002,0.004620000000000004,0.022800000000000042,0,False
laya,clinc,clinc:test:3676,order,1,0,flat,0.39869580127209137,0.005315944016961218,0.16083902915173573,0,False
laya,clinc,clinc:test:3676,order,1,0,marginal,0.030950470908790627,0.0004126729454505417,0.022800000000000042,0,False
laya,clinc,clinc:test:1772,order,1,0,coarse,0.14394540545945403,0.028789081091890805,0.0566045195480452,1,False
laya,clinc,clinc:test:1772,order,1,0,flat,0.6464268239056568,0.00861902431874209,0.6405165100939437,0,False
laya,clinc,clinc:test:1772,order,1,0,marginal,0.3474372596294276,0.004632496795059035,0.05828858962839051,1,False
laya,massive,massive:test:1252,order,1,0,coarse,0.01670469080317415,0.001856076755908239,0.01670469080317416,0,False
laya,massive,massive:test:1252,order,1,0,flat,0.42613613638636133,0.014204537879545377,0.3096663833616638,1,False
laya,massive,massive:test:1252,order,1,0,marginal,0.09119254273455746,0.0030397514244852484,0.0911349144721455,0,False
laya,trec,trec:test:92,order,1,0,coarse,0.02208472152784717,0.0073615738426157235,0.02208472152784713,0,False
laya,trec,trec:test:92,order,1,0,flat,0.4614461446144613,0.01845784578457845,0.24022402240224022,1,False
laya,trec,trec:test:92,order,1,0,marginal,0.5200797242647204,0.020803188970588814,0.506028434852676,1,False
laya,trec,trec:test:161,order,1,0,coarse,0.012198739873987424,0.0040662466246624744,0.012198739873987452,0,False
laya,trec,trec:test:161,order,1,0,flat,0.3563566855027668,0.014254267420110671,0.27051336637875795,0,False
laya,trec,trec:test:161,order,1,0,marginal,0.10634111292591476,0.004253644517036591,0.10092329842623299,1,False
laya,massive,massive:test:1413,order,1,0,coarse,0.8939,0.09932222222222223,0.8526000000000001,1,False
laya,massive,massive:test:1413,order,1,0,flat,0.36755780843831226,0.012251926947943742,0.13030331933613276,1,False
laya,massive,massive:test:1413,order,1,0,marginal,0.8939307048510675,0.02979769016170225,0.5442009700000001,1,False
laya,clinc,clinc:test:2406,order,1,0,coarse,0.11300359666092977,0.022600719332185954,0.053744855468462305,0,False
laya,clinc,clinc:test:2406,order,1,0,flat,0.3683893842858452,0.004911858457144603,0.14017632212114445,0,False
laya,clinc,clinc:test:2406,order,1,0,marginal,0.24241665205328794,0.0032322220273771725,0.09377686918529488,0,False
laya,massive,massive:test:15513,order,1,0,coarse,0.12782617529606535,0.014202908366229484,0.12782617529606544,0,False
laya,massive,massive:test:15513,order,1,0,flat,0.6358030184500262,0.021193433948334207,0.5197456857533164,1,False
laya,massive,massive:test:15513,order,1,0,marginal,0.21162657355553513,0.0070542191185178375,0.21150467577263826,0,False
laya,trec,trec:test:438,order,1,0,coarse,0.007901200120012029,0.002633733373337343,0.007901200120012053,0,False
laya,trec,trec:test:438,order,1,0,flat,0.46607973594718943,0.018643189437887578,0.4660797159431886,1,False
laya,trec,trec:test:438,order,1,0,marginal,0.00792033547303135,0.000316813418921254,0.0041797348634863285,0,False
laya,trec,trec:test:194,order,1,0,coarse,0.011176422357764206,0.0037254741192547353,0.006501689831016899,0,False
laya,trec,trec:test:194,order,1,0,flat,0.7133999999999999,0.028535999999999995,0.5641999999999999,1,False
laya,trec,trec:test:194,order,1,0,marginal,0.08159857948773216,0.0032639431795092864,0.03180735475252475,0,False
laya,trec,trec:test:325,order,1,0,coarse,0.3999181839991818,0.13330606133306058,0.39991818399918183,1,False
laya,trec,trec:test:325,order,1,0,flat,0.45784606294797153,0.01831384251791886,0.18370642679655214,1,False
laya,trec,trec:test:325,order,1,0,marginal,0.4041906323939063,0.01616762529575625,0.17266351684663517,1,False
laya,clinc,clinc:test:2267,order,1,0,coarse,0.15355489339692113,0.030710978679384226,0.09532973701450966,1,False
laya,clinc,clinc:test:2267,order,1,0,flat,0.3915333980022724,0.005220445306696965,0.2567889783387861,0,False
laya,clinc,clinc:test:2267,order,1,0,marginal,0.4524226536971686,0.006032302049295581,0.06605859060618402,0,False
laya,clinc,clinc:test:2915,order,1,0,coarse,0.0740953095309531,0.01481906190619062,0.07409530953095311,0,False
laya,clinc,clinc:test:2915,order,1,0,flat,0.6522028214815485,0.008696037619753981,0.573958595259826,1,False
laya,clinc,clinc:test:2915,order,1,0,marginal,0.08173866351340661,0.0010898488468454215,0.0761692169216922,0,False
laya,massive,massive:test:14859,order,1,0,coarse,0.2681966726819668,0.02979963029799631,0.16123053161230533,0,False
laya,massive,massive:test:14859,order,1,0,flat,0.37461579368252695,0.012487193122750899,0.09860711715313875,1,False
laya,massive,massive:test:14859,order,1,0,marginal,0.268746699975467,0.008958223332515567,0.06615288712052889,0,False
laya,clinc,clinc:test:987,order,1,0,coarse,0.18213446655334464,0.03642689331066893,0.07500897910208978,1,False
laya,clinc,clinc:test:987,order,1,0,flat,0.29169999999999996,0.0038893333333333328,0.068,0,False
laya,clinc,clinc:test:987,order,1,0,marginal,0.4313777411736712,0.00575170321564895,0.07676582078796798,0,False
laya,massive,massive:test:484,order,2,0,coarse,0.08709999999999991,0.009677777777777768,0.04739999999999989,0,False
laya,massive,massive:test:484,order,2,0,flat,0.36117285912352387,0.012039095304117462,0.09225859701115055,1,False
laya,massive,massive:test:484,order,2,0,marginal,0.11203593664966492,0.0037345312216554975,0.027509944074407433,0,False
laya,clinc,clinc:test:522,order,2,0,coarse,0.21857993236483517,0.04371598647296703,0.1419405968985018,1,False
laya,clinc,clinc:test:522,order,2,0,flat,0.917869278350532,0.01223825704467376,0.9168685979943643,1,False
laya,clinc,clinc:test:522,order,2,0,marginal,0.404189465492094,0.00538919287322792,0.09892577238069522,0,False
laya,trec,trec:test:141,order,2,0,coarse,0.0030999999999999964,0.001033333333333332,0.0030999999999999917,0,False
laya,trec,trec:test:141,order,2,0,flat,0.00010002000400078916,4.000800160031566e-06,0.00010002000400080016,0,False
laya,trec,trec:test:141,order,2,0,marginal,0.0031120800910217484,0.00012448320364086995,0.002700590230046096,0,False
laya,trec,trec:test:138,order,2,0,coarse,0.39534310568943104,0.13178103522981036,0.3951448255174482,1,False
laya,trec,trec:test:138,order,2,0,flat,0.017701770177017694,0.0007080708070807078,0.017701770177017684,0,False
laya,trec,trec:test:138,order,2,0,marginal,0.3958924819240487,0.015835699276961948,0.3951448255174482,1,False
laya,trec,trec:test:234,order,2,0,coarse,0.22370000000000004,0.07456666666666668,0.1867,1,False
laya,trec,trec:test:234,order,2,0,flat,0.4097018423586708,0.016388073694346833,0.08590832077806701,0,False
laya,trec,trec:test:234,order,2,0,marginal,0.3267623076777071,0.013070492307108283,0.1696492768986203,1,False
laya,massive,massive:test:4671,order,2,0,coarse,0.1089857810898578,0.012109531232206422,0.10748525107485252,0,False
laya,massive,massive:test:4671,order,2,0,flat,0.45929522143356993,0.01530984071445233,0.25660882735179447,1,False
laya,massive,massive:test:4671,order,2,0,marginal,0.13565128585251288,0.004521709528417096,0.06478519896985199,0,False
laya,massive,massive:test:11903,order,2,0,coarse,0.3517,0.03907777777777778,0.3473,0,False
laya,massive,massive:test:11903,order,2,0,flat,0.27260545090421806,0.009086848363473935,0.0530130821205233,0,False
laya,massive,massive:test:11903,order,2,0,marginal,0.3606124785678891,0.01202041595226297,0.1846391398660134,0,False
laya,trec,trec:test:393,order,2,0,coarse,0.024498319831983223,0.008166106610661075,0.02449831983198325,0,False
laya,trec,trec:test:393,order,2,0,flat,0.8432736947389478,0.03373094778955791,0.8286687337467492,1,False
laya,trec,trec:test:393,order,2,0,marginal,0.08712169223870422,0.003484867689548169,0.06437994564695661,0,False
laya,massive,massive:test:10226,order,2,0,coarse,0.0,0.0,0.0,0,True
laya,massive,massive:test:10226,order,2,0,flat,0.3320201939994057,0.01106733979998019,0.19428436270107108,1,False
laya,massive,massive:test:10226,order,2,0,marginal,0.0684,0.00228,0.06840000000000002,0,False
laya,trec,trec:test:39,order,2,0,coarse,0.28156143385661436,0.09385381128553812,0.28156143385661436,0,False
laya,trec,trec:test:39,order,2,0,flat,0.39602467753224685,0.015840987101289873,0.12300428957104288,1,False
laya,trec,trec:test:39,order,2,0,marginal,0.722700293040213,0.02890801172160852,0.3957653265966533,1,False
laya,massive,massive:test:15970,order,2,0,coarse,0.0,0.0,0.0,0,True
laya,massive,massive:test:15970,order,2,0,flat,0.4592081583683264,0.015306938612277547,0.2758448310337933,1,False
laya,massive,massive:test:15970,order,2,0,marginal,0.11807451254874511,0.00393581708495817,0.11807451254874515,0,False
laya,clinc,clinc:test:246,order,2,0,coarse,0.1642,0.03284,0.1365,1,False
laya,clinc,clinc:test:246,order,2,0,flat,0.3840764741155307,0.005121019654873743,0.06380635618628824,0,False
laya,clinc,clinc:test:246,order,2,0,marginal,0.4154867815370332,0.005539823753827109,0.09012673587022633,1,False
laya,massive,massive:test:3852,order,2,0,coarse,0.05181054210842165,0.0057567269009357385,0.05181054210842162,0,False
laya,massive,massive:test:3852,order,2,0,flat,0.7766,0.025886666666666665,0.7676,1,False
laya,massive,massive:test:3852,order,2,0,marginal,0.05181054210842165,0.0017270180702807216,0.05181054210842162,0,False
laya,massive,massive:test:13181,order,2,0,coarse,0.2776874682057889,0.030854163133976542,0.15402611908375252,0,False
laya,massive,massive:test:13181,order,2,0,flat,0.44536262516976954,0.014845420838992318,0.18915012879588214,1,False
laya,massive,massive:test:13181,order,2,0,marginal,0.28499844621787435,0.009499948207262477,0.09918326262350635,0,False
laya,clinc,clinc:test:8,order,2,0,coarse,0.05767394739473948,0.011534789478947895,0.02658810881088107,0,False
laya,clinc,clinc:test:8,order,2,0,flat,0.40587246927072024,0.005411632923609603,0.14110925046726377,1,False
laya,clinc,clinc:test:8,order,2,0,marginal,0.44908244075895476,0.005987765876786064,0.0591231815603076,1,False
laya,massive,massive:test:3694,order,2,0,coarse,0.0,0.0,0.0,0,True
laya,massive,massive:test:3694,order,2,0,flat,0.974590256144462,0.03248634187148207,0.974590256144462,1,False
laya,massive,massive:test:3694,order,2,0,marginal,0.005102779722027787,0.00017009265740092626,0.005102779722027773,0,False
laya,massive,massive:test:10731,order,2,0,coarse,0.3427652433796428,0.038085027042182536,0.34276524337964276,0,False
laya,massive,massive:test:10731,order,2,0,flat,0.41883020604120835,0.013961006868040278,0.09422498499699938,1,False
laya,massive,massive:test:10731,order,2,0,marginal,0.34276524337964287,0.011425508112654763,0.17556034399160603,1,False
laya,trec,trec:test:337,order,2,0,coarse,0.014196930636870327,0.004732310212290109,0.01419693063687033,0,False
laya,trec,trec:test:337,order,2,0,flat,0.950898955863089,0.03803595823452356,0.9375903330738414,1,False
laya,trec,trec:test:337,order,2,0,marginal,0.15236671853416103,0.0060946687413664415,0.10968332743248807,0,False
laya,massive,massive:test:1516,order,2,0,coarse,0.23014862998602326,0.02557206999844703,0.22984866000102722,0,False
laya,massive,massive:test:1516,order,2,0,flat,0.31771329871891624,0.010590443290630542,0.10453953232188473,1,False
laya,massive,massive:test:1516,order,2,0,marginal,0.23014862998602326,0.007671620999534109,0.14039156152862742,0,False
laya,trec,trec:test:477,order,2,0,coarse,0.000700000000000017,0.000233333333333339,0.0007000000000000339,0,False
laya,trec,trec:test:477,order,2,0,flat,0.6048315073555766,0.024193260294223064,0.6026313773605807,0,False
laya,trec,trec:test:477,order,2,0,marginal,0.028473447344734365,0.0011389378937893746,0.026384908490848846,0,False
laya,massive,massive:test:17015,order,2,0,coarse,0.0863089391060894,0.009589882122898822,0.05671629837016301,0,False
laya,massive,massive:test:17015,order,2,0,flat,0.5600783822230632,0.01866927940743544,0.2681475070524309,1,False
laya,massive,massive:test:17015,order,2,0,marginal,0.0894773474976899,0.002982578249922997,0.025669796642335818,0,False
laya,clinc,clinc:test:4229,order,2,0,coarse,0.27185141485851416,0.054370282971702835,0.1977260473952605,0,False
laya,clinc,clinc:test:4229,order,2,0,flat,0.9804999752952894,0.013073333003937192,0.9804999752952893,1,False
laya,clinc,clinc:test:4229,order,2,0,marginal,0.42162149504484164,0.005621619933931222,0.0548671799849224,0,False
laya,massive,massive:test:15402,order,2,0,coarse,0.5570682707112593,0.06189647452347326,0.5570682707112593,1,False
laya,massive,massive:test:15402,order,2,0,flat,0.5246727772777277,0.017489092575924254,0.24129204920492053,1,False
laya,massive,massive:test:15402,order,2,0,marginal,0.5570682707112592,0.018568942357041974,0.4628399622107076,1,False
laya,trec,trec:test:479,order,2,0,coarse,0.2479098624790986,0.0826366208263662,0.24790986247909857,1,False
laya,trec,trec:test:479,order,2,0,flat,0.275515544976435,0.0110206217990574,0.27551554497643493,0,False
laya,trec,trec:test:479,order,2,0,marginal,0.5343759322164122,0.021375037288656487,0.2752928663569286,1,False
laya,trec,trec:test:339,order,2,0,coarse,0.10470771922807713,0.03490257307602571,0.10430845915408449,0,False
laya,trec,trec:test:339,order,2,0,flat,0.41551277662051106,0.01662051106482044,0.3397631935905277,0,False
laya,trec,trec:test:339,order,2,0,marginal,0.8984611334949253,0.03593844533979701,0.8945631891540845,1,False
laya,massive,massive:test:10636,order,2,0,coarse,0.0,0.0,0.0,0,True
laya,massive,massive:test:10636,order,2,0,flat,0.5022791861985567,0.01674263953995189,0.394480457972999,0,False
laya,massive,massive:test:10636,order,2,0,marginal,0.07420000000000002,0.002473333333333334,0.07420000000000004,0,False
laya,clinc,clinc:test:1253,order,2,0,coarse,0.05750000000000001,0.011500000000000002,0.04880000000000001,0,False
laya,clinc,clinc:test:1253,order,2,0,flat,0.35532492123563986,0.004737665616475198,0.21495590796706862,0,False
laya,clinc,clinc:test:1253,order,2,0,marginal,0.3255671751534749,0.004340895668712998,0.14766762303365574,1,False
laya,clinc,clinc:test:2397,order,2,0,coarse,0.4328999999999999,0.08657999999999998,0.43289999999999984,0,False
laya,clinc,clinc:test:2397,order,2,0,flat,0.6060622574924817,0.008080830099899756,0.3065945256585008,1,False
laya,clinc,clinc:test:2397,order,2,0,marginal,0.43542826348591734,0.0058057101798122315,0.43300265026502627,0,False
laya,trec,trec:test:69,order,2,0,coarse,0.0168976802319768,0.0056325600773256,0.016897680231976797,0,False
laya,trec,trec:test:69,order,2,0,flat,0.5317468253174682,0.02126987301269873,0.4133586641335867,1,False
laya,trec,trec:test:69,order,2,0,marginal,0.10941197139634168,0.004376478855853667,0.08640833916608341,0,False
laya,clinc,clinc:test:1469,order,2,0,coarse,0.1452,0.02904,0.09889999999999999,0,False
laya,clinc,clinc:test:1469,order,2,0,flat,0.439242939416784,0.0058565725255571195,0.1807251680194931,1,False
laya,clinc,clinc:test:1469,order,2,0,marginal,0.4009671115765807,0.005346228154354409,0.09512233852959377,0,False
laya,trec,trec:test:403,order,2,0,coarse,0.00400046995300478,0.0013334899843349265,0.0039005099490052597,0,False
laya,trec,trec:test:403,order,2,0,flat,0.7595052802984469,0.030380211211937874,0.759505260282437,1,False
laya,trec,trec:test:403,order,2,0,marginal,0.023713264014077907,0.0009485305605631163,0.023531822067793307,0,False
laya,clinc,clinc:test:4265,order,2,0,coarse,0.12113646851782596,0.024227293703565193,0.10475567460726865,0,False
laya,clinc,clinc:test:4265,order,2,0,flat,0.5317712423379961,0.007090283231173281,0.40430684058474364,1,False
laya,clinc,clinc:test:4265,order,2,0,marginal,0.2476075880056447,0.0033014345067419295,0.06615418501959085,0,False
laya,clinc,clinc:test:4430,order,2,0,coarse,0.2671,0.05342,0.2639,0,False
laya,clinc,clinc:test:4430,order,2,0,flat,0.36509170820404624,0.0048678894427206165,0.10033502755203934,0,False
laya,clinc,clinc:test:4430,order,2,0,marginal,0.3168532007083211,0.004224709342777615,0.2639,0,False
laya,trec,trec:test:383,order,2,0,coarse,0.0006003600360036608,0.00020012001200122025,0.000600360036003722,0,False
laya,trec,trec:test:383,order,2,0,flat,0.6288251848629205,0.02515300739451682,0.6285250648209065,0,False
laya,trec,trec:test:383,order,2,0,marginal,0.07637600032506692,0.003055040013002677,0.059698727272727264,0,False
laya,massive,massive:test:6860,order,2,0,coarse,0.0314946677704378,0.0034994075300486447,0.02350583127926715,0,False
laya,massive,massive:test:6860,order,2,0,flat,0.7101367157496719,0.023671223858322394,0.7002382070892521,1,False
laya,massive,massive:test:6860,order,2,0,marginal,0.03149466777043777,0.0010498222590145925,0.014300832119619258,0,False
laya,clinc,clinc:test:3349,order,2,0,coarse,0.272202085652607,0.054440417130521404,0.26541662697102963,1,False
laya,clinc,clinc:test:3349,order,2,0,flat,0.27874745243066656,0.003716632699075554,0.06258011955743732,0,False
laya,clinc,clinc:test:3349,order,2,0,marginal,0.484638416222736,0.00646184554963648,0.24181866959360288,0,False
laya,clinc,clinc:test:1465,order,2,0,coarse,0.22160197221601974,0.044320394443203945,0.1729467817294678,1,False
laya,clinc,clinc:test:1465,order,2,0,flat,0.7588241175882411,0.010117654901176549,0.7422257774222577,1,False
laya,clinc,clinc:test:1465,order,2,0,marginal,0.30634887727280596,0.004084651696970746,0.17533918738139187,0,False
laya,massive,massive:test:2957,order,2,0,coarse,0.00019999999999998898,2.2222222222220997e-05,0.00019999999999997797,0,False
laya,massive,massive:test:2957,order,2,0,flat,0.11051607110516057,0.0036838690368386855,0.10151809101518061,0,False
laya,massive,massive:test:2957,order,2,0,marginal,0.00019999999999994734,6.666666666664912e-06,0.0001055799999999385,0,False
laya,trec,trec:test:282,order,2,0,coarse,0.003608069193080671,0.0012026897310268903,0.003307979202079786,0,False
laya,trec,trec:test:282,order,2,0,flat,0.3945605439456054,0.015782421757824218,0.14558544145585442,0,False
laya,trec,trec:test:282,order,2,0,marginal,0.014263248886727897,0.0005705299554691159,0.007272156386361368,0,False
laya,massive,massive:test:3222,order,2,0,coarse,0.30826311262252454,0.034251456958058285,0.1514376475295059,0,False
laya,massive,massive:test:3222,order,2,0,flat,0.26043850385038503,0.008681283461679502,0.1137919591959196,0,False
laya,massive,massive:test:3222,order,2,0,marginal,0.3412455191305931,0.011374850637686435,0.08539551251050209,0,False
laya,clinc,clinc:test:876,order,2,0,coarse,0.16345366463353667,0.032690732926707336,0.09197960203979601,1,False
laya,clinc,clinc:test:876,order,2,0,flat,0.4519275231378185,0.006025700308504247,0.17999602560176528,0,False
laya,clinc,clinc:test:876,order,2,0,marginal,0.4987125269993951,0.006649500359991935,0.11272133786621337,1,False
laya,clinc,clinc:test:2540,order,2,0,coarse,0.17668233176682333,0.03533646635336467,0.10408959104089585,1,False
laya,clinc,clinc:test:2540,order,2,0,flat,0.4527890233489729,0.006037186977986306,0.31090732756182743,1,False
laya,clinc,clinc:test:2540,order,2,0,marginal,0.4605985469587712,0.006141313959450283,0.11529592437910834,0,False
laya,massive,massive:test:4166,order,2,0,coarse,0.37214421557844213,0.04134935728649357,0.27791162883711623,1,False
laya,massive,massive:test:4166,order,2,0,flat,0.4807265559335601,0.01602421853111867,0.21323334000400238,1,False
laya,massive,massive:test:4166,order,2,0,marginal,0.3914196990710929,0.013047323302369764,0.16621536609139081,1,False
laya,clinc,clinc:test:2933,order,2,0,coarse,0.0815911808159119,0.01631823616318238,0.08159118081591199,0,False
laya,clinc,clinc:test:2933,order,2,0,flat,0.532524686755533,0.00710032915674044,0.468603121564407,1,False
laya,clinc,clinc:test:2933,order,2,0,marginal,0.08162439904968109,0.0010883253206624146,0.08108468101484712,0,False
laya,trec,trec:test:390,order,2,0,coarse,0.04220479047904795,0.014068263493015985,0.042204790479048016,0,False
laya,trec,trec:test:390,order,2,0,flat,0.6392425855697035,0.02556970342278814,0.6349381253975251,1,False
laya,trec,trec:test:390,order,2,0,marginal,0.33382063654969824,0.01335282546198793,0.33265647989598973,0,False
laya,trec,trec:test:334,order,2,0,coarse,0.17621762176217623,0.05873920725405874,0.17621762176217626,0,False
laya,trec,trec:test:334,order,2,0,flat,0.4758188781121887,0.019032755124487547,0.18790261973802616,1,False
laya,trec,trec:test:334,order,2,0,marginal,0.27617906482975574,0.011047162593190229,0.11326228622862286,0,False
laya,massive,massive:test:4567,order,2,0,coarse,0.0011001400140013915,0.00012223777933348794,0.0011001400140013828,0,False
laya,massive,massive:test:4567,order,2,0,flat,0.3551791047781778,0.011839303492605927,0.16919399514321432,1,False
laya,massive,massive:test:4567,order,2,0,marginal,0.0011001400140013915,3.667133380004638e-05,0.0011001400140013828,0,False
laya,trec,trec:test:300,order,2,0,coarse,0.1217129712971297,0.040570990432376566,0.12171297129712966,0,False
laya,trec,trec:test:300,order,2,0,flat,0.6487452886531027,0.025949811546124107,0.5572950312936664,1,False
laya,trec,trec:test:300,order,2,0,marginal,0.12172240505761589,0.004868896202304636,0.06150156439643961,0,False
laya,massive,massive:test:1180,order,2,0,coarse,0.008701760352070396,0.0009668622613411552,0.008701760352070376,0,False
laya,massive,massive:test:1180,order,2,0,flat,0.7020866070208661,0.023402886900695537,0.6357694563576946,1,False
laya,massive,massive:test:1180,order,2,0,marginal,0.008701760352070396,0.00029005867840234655,0.008701760352070376,0,False
laya,massive,massive:test:14648,order,2,0,coarse,0.6139219356128776,0.06821354840143085,0.6075183363327334,1,False
laya,massive,massive:test:14648,order,2,0,flat,0.319031286871313,0.010634376229043766,0.04810154984501551,1,False
laya,massive,massive:test:14648,order,2,0,marginal,0.6173380934136422,0.020577936447121407,0.4940946629394122,1,False
laya,clinc,clinc:test:2794,order,2,0,coarse,0.25822597740225983,0.05164519548045197,0.1749521047895211,0,False
laya,clinc,clinc:test:2794,order,2,0,flat,0.3696805635566862,0.004929074180755816,0.1608194303488,0,False
laya,clinc,clinc:test:2794,order,2,0,marginal,0.4618399512842586,0.006157866017123448,0.305715004269806,1,False
laya,trec,trec:test:250,order,2,0,coarse,0.011201460112014611,0.003733820037338204,0.011201460112014616,0,False
laya,trec,trec:test:250,order,2,0,flat,0.7317111197273881,0.029268444789095526,0.6507797135806753,1,False
laya,trec,trec:test:250,order,2,0,marginal,0.10052136276919225,0.00402085451076769,0.07556036573734981,1,False
laya,trec,trec:test:459,order,2,0,coarse,0.010097729772977258,0.003365909924325753,0.008298519851985197,0,False
laya,trec,trec:test:459,order,2,0,flat,0.5331305888920862,0.021325223555683448,0.3532845614888236,1,False
laya,trec,trec:test:459,order,2,0,marginal,0.012662393284154565,0.0005064957313661826,0.003832235094086604,0,False
laya,clinc,clinc:test:895,order,2,0,coarse,0.15560000000000002,0.031120000000000002,0.15100000000000002,0,False
laya,clinc,clinc:test:895,order,2,0,flat,0.4050278608866459,0.005400371478488612,0.2981407200348179,0,False
laya,clinc,clinc:test:895,order,2,0,marginal,0.4570752652672403,0.0060943368702298705,0.09807332072073321,1,False
laya,trec,trec:test:182,order,2,0,coarse,0.00039983996799362555,0.00013327998933120852,0.0003998399679935985,0,False
laya,trec,trec:test:182,order,2,0,flat,0.44976507047885644,0.017990602819154256,0.31800459862041397,0,False
laya,trec,trec:test:182,order,2,0,marginal,0.09079858162581132,0.003631943265032453,0.08976474623657599,0,False
laya,massive,massive:test:14461,order,2,0,coarse,0.27215359464053596,0.030239288293392882,0.21374113588641136,0,False
laya,massive,massive:test:14461,order,2,0,flat,0.42882805853553707,0.014294268617851236,0.3118121799267235,1,False
laya,massive,massive:test:14461,order,2,0,marginal,0.2787972461746713,0.009293241539155709,0.14737744225577443,1,False
laya,trec,trec:test:396,order,2,0,coarse,0.06789999999999999,0.022633333333333328,0.06789999999999996,0,False
laya,trec,trec:test:396,order,2,0,flat,0.7786330145229828,0.031145320580919313,0.7775334844040089,1,False
laya,trec,trec:test:396,order,2,0,marginal,0.19012780413708852,0.007605112165483541,0.11789945000000002,1,False
laya,trec,trec:test:25,order,2,0,coarse,0.0069999999999999915,0.0023333333333333305,0.006200000000000001,0,False
laya,trec,trec:test:25,order,2,0,flat,0.4014554636444944,0.016058218545779778,0.2390363138147286,1,False
laya,trec,trec:test:25,order,2,0,marginal,0.0996700146736823,0.003986800586947292,0.09642396610538947,0,False
laya,clinc,clinc:test:2077,order,2,0,coarse,0.5992599259925993,0.11985198519851985,0.5992599259925993,1,False
laya,clinc,clinc:test:2077,order,2,0,flat,0.42700462214103174,0.0056933949618804235,0.18616425958015786,1,False
laya,clinc,clinc:test:2077,order,2,0,marginal,0.6054003564534365,0.008072004752712487,0.39995665978839107,1,False
laya,clinc,clinc:test:552,order,2,0,coarse,0.2690269026902691,0.05380538053805382,0.18391839183918396,1,False
laya,clinc,clinc:test:552,order,2,0,flat,0.4690923422973108,0.006254564563964143,0.11392708187543735,0,False
laya,clinc,clinc:test:552,order,2,0,marginal,0.4486223420977075,0.0059816312279694335,0.1392874487448745,1,False
laya,clinc,clinc:test:4394,order,2,0,coarse,0.11349999999999999,0.022699999999999998,0.0374,1,False
laya,clinc,clinc:test:4394,order,2,0,flat,0.5076838905082552,0.00676911854011007,0.1338308050533821,1,False
laya,clinc,clinc:test:4394,order,2,0,marginal,0.4988847283871074,0.006651796378494766,0.060355966798320164,0,False
laya,massive,massive:test:4831,order,2,0,coarse,0.4305166383361664,0.04783518203735182,0.27220782921707826,1,False
laya,massive,massive:test:4831,order,2,0,flat,0.4180281581724791,0.013934271939082638,0.06466264446877307,0,False
laya,massive,massive:test:4831,order,2,0,marginal,0.4305166383361664,0.014350554611205546,0.07086643079192079,1,False
laya,trec,trec:test:315,order,2,0,coarse,0.0032985002999399503,0.0010995000999799835,0.0026991001799640075,0,False
laya,trec,trec:test:315,order,2,0,flat,0.2766917216556689,0.011067668866226756,0.25887668466306735,0,False
laya,trec,trec:test:315,order,2,0,marginal,0.11479274561910056,0.004591709824764023,0.10919934287542482,1,False
laya,clinc,clinc:test:2840,order,2,0,coarse,0.2567743225677432,0.051354864513548634,0.10058994100589941,1,False
laya,clinc,clinc:test:2840,order,2,0,flat,0.4947615634809863,0.006596820846413151,0.13467778255624366,1,False
laya,clinc,clinc:test:2840,order,2,0,marginal,0.42052065391765564,0.005606942052235409,0.15093207934453723,1,False
laya,clinc,clinc:test:3267,order,2,0,coarse,0.13854268573142686,0.02770853714628537,0.06348607139286072,1,False
laya,clinc,clinc:test:3267,order,2,0,flat,0.41563464761427177,0.005541795301523623,0.23324671063948288,0,False
laya,clinc,clinc:test:3267,order,2,0,marginal,0.440277010124803,0.005870360134997373,0.07760968592140786,0,False
laya,massive,massive:test:13819,order,2,0,coarse,0.3457050315094528,0.03841167016771698,0.34570503150945286,0,False
laya,massive,massive:test:13819,order,2,0,flat,0.46905946219734795,0.015635315406578264,0.17522872764095956,1,False
laya,massive,massive:test:13819,order,2,0,marginal,0.34571770311615424,0.011523923437205142,0.34570503150945286,0,False
laya,clinc,clinc:test:2150,order,2,0,coarse,0.21428161816181623,0.04285632363236325,0.200061186118612,0,False
laya,clinc,clinc:test:2150,order,2,0,flat,0.5800039615846339,0.007733386154461785,0.38987659063625446,1,False
laya,clinc,clinc:test:2150,order,2,0,marginal,0.4340671332865149,0.005787561777153533,0.20010236611861199,0,False
laya,trec,trec:test:480,order,2,0,coarse,0.05719456945694568,0.01906485648564856,0.0571945694569457,0,False
laya,trec,trec:test:480,order,2,0,flat,0.6568669333866775,0.0262746773354671,0.5140101220244049,1,False
laya,trec,trec:test:480,order,2,0,marginal,0.46215729725029536,0.018486291890011816,0.3574138106026385,1,False
laya,massive,massive:test:12839,order,2,0,coarse,0.45264526452645265,0.050293918280716964,0.2812281228122812,0,False
laya,massive,massive:test:12839,order,2,0,flat,0.3096796040791842,0.01032265346930614,0.05388686262747451,1,False
laya,massive,massive:test:12839,order,2,0,marginal,0.4533464594166968,0.015111548647223227,0.11985706570657063,1,False
laya,trec,trec:test:36,order,2,0,coarse,0.005299130086991267,0.0017663766956637556,0.005299130086991233,0,False
laya,trec,trec:test:36,order,2,0,flat,0.4246904646477845,0.016987618585911378,0.1335142711511979,0,False
laya,trec,trec:test:36,order,2,0,marginal,0.14261399542245778,0.005704559816898312,0.1277093152844716,0,False
laya,clinc,clinc:test:989,order,2,0,coarse,0.09135465546554658,0.018270931093109316,0.055391099109910996,0,False
laya,clinc,clinc:test:989,order,2,0,flat,0.4786061644319121,0.0063814155257588285,0.45846831126414994,0,False
laya,clinc,clinc:test:989,order,2,0,marginal,0.3037851803770447,0.0040504690716939296,0.0745022478681134,0,False
laya,massive,massive:test:3441,order,2,0,coarse,0.007001150115011503,0.0007779055683346114,0.005100570057005701,0,False
laya,massive,massive:test:3441,order,2,0,flat,0.37613335504533413,0.012537778501511138,0.1181532047261282,1,False
laya,massive,massive:test:3441,order,2,0,marginal,0.03501536578743226,0.0011671788595810752,0.030939935449544875,0,False
laya,trec,trec:test:431,order,2,0,coarse,0.06161332133213318,0.020537773777377727,0.06161332133213315,0,False
laya,trec,trec:test:431,order,2,0,flat,0.0007001400280055795,2.8005601120223182e-05,0.0007001400280055581,0,False
laya,trec,trec:test:431,order,2,0,marginal,0.13107616252969134,0.005243046501187653,0.13000962990988563,0,False
laya,massive,massive:test:10263,order,2,0,coarse,0.5515657665766578,0.0612850851751842,0.5515657665766577,1,False
laya,massive,massive:test:10263,order,2,0,flat,0.5796710841761971,0.019322369472539902,0.37026441312681696,1,False
laya,massive,massive:test:10263,order,2,0,marginal,0.5515657665766577,0.018385525552555255,0.3752123313261233,0,False
laya,clinc,clinc:test:4478,order,2,0,coarse,0.050010651065106534,0.010002130213021307,0.04941038103810382,0,False
laya,clinc,clinc:test:4478,order,2,0,flat,0.6197546110424532,0.008263394813899377,0.4937317425959127,1,False
laya,clinc,clinc:test:4478,order,2,0,marginal,0.06948063596094038,0.0009264084794792051,0.06538850812802965,0,False
laya,clinc,clinc:test:3676,order,2,0,coarse,0.010206238752249599,0.0020412477504499196,0.009506558688262445,0,False
laya,clinc,clinc:test:3676,order,2,0,flat,0.4374192361791803,0.005832256482389071,0.09007671276563112,0,False
laya,clinc,clinc:test:3676,order,2,0,marginal,0.017184423979889472,0.00022912565306519296,0.009506558688262445,0,False
laya,clinc,clinc:test:1772,order,2,0,coarse,0.1529,0.030580000000000003,0.0568,1,False
laya,clinc,clinc:test:1772,order,2,0,flat,0.7109426970788315,0.009479235961051087,0.7034474989995999,0,False
laya,clinc,clinc:test:1772,order,2,0,marginal,0.35552743760048217,0.004740365834673095,0.07613297195680434,1,False
laya,massive,massive:test:1252,order,2,0,coarse,0.002500390025003966,0.00027782111388932954,0.0018994300189943004,0,False
laya,massive,massive:test:1252,order,2,0,flat,0.2877318672530988,0.009591062241769959,0.053361735305877636,1,False
laya,massive,massive:test:1252,order,2,0,marginal,0.08473609201136095,0.0028245364003786984,0.08283666199236672,0,False
laya,trec,trec:test:92,order,2,0,coarse,0.1013847215278472,0.03379490717594907,0.10138472152784717,0,False
laya,trec,trec:test:92,order,2,0,flat,0.5008747074707471,0.020034988298829885,0.18711996199619957,1,False
laya,trec,trec:test:92,order,2,0,marginal,0.5936942593785105,0.02374777037514042,0.5928051625254434,1,False
laya,trec,trec:test:161,order,2,0,coarse,0.010500000000000034,0.0035000000000000113,0.010500000000000065,0,False
laya,trec,trec:test:161,order,2,0,flat,0.5559019528219247,0.02223607811287699,0.3356583909436188,1,False
laya,trec,trec:test:161,order,2,0,marginal,0.05283599934110447,0.002113439973644179,0.04274373732726727,0,False
laya,massive,massive:test:1413,order,2,0,coarse,0.2832999999999999,0.031477777777777764,0.1827,0,False
laya,massive,massive:test:1413,order,2,0,flat,0.35029999999999983,0.011676666666666662,0.1323,1,False
laya,massive,massive:test:1413,order,2,0,marginal,0.28337658495750423,0.00944588616525014,0.10930941000000001,0,False
laya,clinc,clinc:test:2406,order,2,0,coarse,0.3090243675632437,0.06180487351264874,0.3090243675632437,1,False
laya,clinc,clinc:test:2406,order,2,0,flat,0.47679357017885354,0.006357247602384714,0.1862200617182294,1,False
laya,clinc,clinc:test:2406,order,2,0,marginal,0.46472321426576146,0.006196309523543486,0.3107631093997807,1,False
laya,massive,massive:test:15513,order,2,0,coarse,0.11162455513404917,0.012402728348227686,0.11162455513404923,0,False
laya,massive,massive:test:15513,order,2,0,flat,0.5119660599426961,0.0170655353314232,0.4211958328262354,1,False
laya,massive,massive:test:15513,order,2,0,marginal,0.20394013931899288,0.0067980046439664295,0.2039401393189929,0,False
laya,trec,trec:test:438,order,2,0,coarse,0.018298799879987972,0.0060995999599959905,0.018298799879987948,0,False
laya,trec,trec:test:438,order,2,0,flat,0.9642958391678336,0.03857183356671334,0.9632950790158032,1,False
laya,trec,trec:test:438,order,2,0,marginal,0.01829955020501008,0.0007319820082004032,0.00968006513651365,0,False
laya,trec,trec:test:194,order,2,0,coarse,0.08589141085891408,0.028630470286304693,0.08589141085891405,0,False
laya,trec,trec:test:194,order,2,0,flat,0.7236960896089609,0.028947843584358438,0.6152627662766277,1,False
laya,trec,trec:test:194,order,2,0,marginal,0.16680907647648968,0.006672363059059588,0.05200183052001828,0,False
laya,trec,trec:test:325,order,2,0,coarse,0.3763200437632004,0.12544001458773346,0.3726154537261544,1,False
laya,trec,trec:test:325,order,2,0,flat,0.36193683631636836,0.014477473452654734,0.11688313168683132,1,False
laya,trec,trec:test:325,order,2,0,marginal,0.38446692789915193,0.015378677115966077,0.17985147492151474,1,False
laya,clinc,clinc:test:2267,order,2,0,coarse,0.11106590755094714,0.022213181510189427,0.06463180824983886,0,False
laya,clinc,clinc:test:2267,order,2,0,flat,0.2965841405548422,0.0039544552073978965,0.12701493314782425,0,False
laya,clinc,clinc:test:2267,order,2,0,marginal,0.37931659196569445,0.0050575545595425925,0.06729432188818629,1,False
laya,clinc,clinc:test:2915,order,2,0,coarse,0.009404940094049357,0.0018809880188098715,0.006302970063029701,0,False
laya,clinc,clinc:test:2915,order,2,0,flat,0.6903038664522191,0.009204051552696255,0.5737584754077169,1,False
laya,clinc,clinc:test:2915,order,2,0,marginal,0.29351352346023873,0.003913513646136516,0.27557162538971625,0,False
laya,massive,massive:test:14859,order,2,0,coarse,0.4989501049895011,0.05543890055438901,0.41535846415358463,1,False
laya,massive,massive:test:14859,order,2,0,flat,0.5921736195033036,0.01973912065011012,0.5025564916519144,1,False
laya,massive,massive:test:14859,order,2,0,marginal,0.4997878543258786,0.016659595144195953,0.41535846415358463,1,False
laya,clinc,clinc:test:987,order,2,0,coarse,0.16722523495300937,0.03344504699060187,0.13975168966206764,1,False
laya,clinc,clinc:test:987,order,2,0,flat,0.4300468706258748,0.005733958275011664,0.21682049590081984,0,False
laya,clinc,clinc:test:987,order,2,0,marginal,0.40230283408414885,0.0053640377877886515,0.08903241649535357,0,False
